Municipality,County,Muni/County,Year,Electric Utility,Residential Electricity,Commercial Electricity,Industrial Electricity,Street Lighting Electricity,Total Electricity (kWh),Natural Gas Utility,Residential Natural Gas,Commercial Natural Gas,Industrial Natural Gas,Street Lighting Natural Gas,Total Natural Gas (Therms)
Absecon City,Atlantic,Absecon City Atlantic,2022,ACE,"34,457,582","29,574,442",NDA,"512,332","64,544,356",SJG,"5,347,248","2,610,608",NDA,NDA,"7,957,856"
Atlantic City,Atlantic,Atlantic City Atlantic,2022,ACE,"83,415,809","828,135,231","3,157","7,039,203","918,593,400",SJG,"12,793,448","78,310,906","12,557,655",NDA,"103,662,008"
Brigantine City,Atlantic,Brigantine City Atlantic,2022,ACE,"55,183,923","17,198,816","7,061","625,701","73,015,501",SJG,"8,126,379","4,480,168",NDA,NDA,"12,606,547"
Buena Boro,Atlantic,Buena Boro Atlantic,2022,ACE,"24,774,664","18,255,143","12,437,950","220,454","55,688,211",SJG,"2,309,957","1,179,858","225,163",NDA,"3,714,979"
Buena Vista Twp,Atlantic,Buena Vista Twp Atlantic,2022,ACE,"23,149,238","11,590,319","74,815","142,638","34,957,010",SJG,"2,774,502","635,354","101,696",NDA,"3,511,552"
Corbin City,Atlantic,Corbin City Atlantic,2022,ACE,"2,501,317","1,103,488",NDA,"18,092","3,622,897",SJG,"79,276","21,141",NDA,NDA,"100,417"
Egg Harbor City,Atlantic,Egg Harbor City Atlantic,2022,ACE,"18,551,160","14,468,780","3,826,949","397,742","37,244,631",SJG,"2,177,474","1,567,238","6,767",NDA,"3,751,478"
Egg Harbor Twp,Atlantic,Egg Harbor Twp Atlantic,2022,ACE,"115,272,317","122,231,326","4,639,274","954,205","243,097,122",SJG,"22,805,238","74,860,548","1,246,930",NDA,"98,912,715"
Estell Manor City,Atlantic,Estell Manor City Atlantic,2022,ACE,"6,916,487","2,080,452","110,560","8,022","9,115,521",SJG,"108,893","62,355",NDA,NDA,"171,248"
Folsom Boro,Atlantic,Folsom Boro Atlantic,2022,ACE,"3,924,121","4,355,235","1,389,996","66,225","9,735,577",SJG,"658,377","601,908","441,566",NDA,"1,701,852"
Galloway Twp,Atlantic,Galloway Twp Atlantic,2022,ACE,"105,794,776","170,664,148","513,021","635,545","277,607,490",SJG,"18,169,303","68,884,343","11,312",NDA,"87,064,958"
Hamilton Twp,Atlantic,Hamilton Twp (Atlantic) Atlantic,2022,ACE,"125,448,448","124,014,633","176,691","953,401","250,593,173",SJG,"11,114,546","8,687,499","18,629",NDA,"19,820,675"
Hammonton Town,Atlantic,Hammonton Town Atlantic,2022,ACE,"59,948,901","66,647,273","5,175,924","530,829","132,302,927",SJG,"6,859,384","5,245,313","46,632",NDA,"12,151,329"
Linwood City,Atlantic,Linwood City Atlantic,2022,ACE,"31,086,738","19,338,530","1,903","372,766","50,799,937",SJG,"5,214,952","1,794,890",NDA,NDA,"7,009,842"
Longport Boro,Atlantic,Longport Boro Atlantic,2022,ACE,"13,383,512","5,327,924","38,640","182,477","18,932,553",SJG,"2,217,674","201,034",NDA,NDA,"2,418,708"
Margate City,Atlantic,Margate City Atlantic,2022,ACE,"45,996,757","17,624,502",NDA,"554,599","64,175,858",SJG,"8,107,805","1,606,757",NDA,NDA,"9,714,562"
Mullica Twp,Atlantic,Mullica Twp Atlantic,2022,ACE,"21,011,031","6,443,438","55,003","84,305","27,593,777",SJG,"1,308,531","245,041","2,503",NDA,"1,556,075"
Northfield City,Atlantic,Northfield City Atlantic,2022,ACE,"27,580,612","28,475,863",NDA,"440,886","56,497,361",SJG,"5,250,717","2,197,984",NDA,NDA,"7,448,701"
Pleasantville City,Atlantic,Pleasantville City Atlantic,2022,ACE,"46,884,563","55,636,092","115,522","899,290","103,535,467",SJG,"8,820,181","4,946,186","1,356,567",NDA,"15,122,934"
Port Republic City,Atlantic,Port Republic City Atlantic,2022,ACE,"6,193,458","2,166,970",NDA,"63,581","8,424,009",SJG,"29,717",NDA,NDA,NDA,"29,717"
Somers Point City,Atlantic,Somers Point City Atlantic,2022,ACE,"32,759,418","53,787,329","103,920","390,354","87,041,021",SJG,"4,593,721","9,685,216",840,NDA,"14,279,778"
Ventnor City,Atlantic,Ventnor City Atlantic,2022,ACE,"41,510,932","21,726,754",NDA,"897,602","64,135,288",SJG,"7,622,737","8,895,675",NDA,NDA,"16,518,412"
Weymouth Twp,Atlantic,Weymouth Twp Atlantic,2022,ACE,"10,881,878","2,039,490","30,640","56,113","13,008,121",SJG,"327,287","19,453",NDA,NDA,"346,741"
Allendale Boro,Bergen,Allendale Boro Bergen,2022,RECO/PSEG,"12,492","16,215",NDA,NDA,"28,707",PSEG,"3,479,485","1,236,347","11,833",NDA,"4,727,665"
Alpine Boro,Bergen,Alpine Boro Bergen,2022,RECO,NDA,NDA,NDA,NDA,NDA,PSEG,"2,166,979","126,780",NDA,NDA,"2,293,759"
Bergenfield Boro,Bergen,Bergenfield Boro Bergen,2022,PSEG,"68,191,328","27,212,244","696,691","1,128,933","97,229,196",PSEG,"7,322,232","2,530,297","60,816",NDA,"9,913,344"
Bogota Boro,Bergen,Bogota Boro Bergen,2022,PSEG,"21,621,681","8,053,741","583,920","391,383","30,650,725",PSEG,"2,358,561","784,713","36,618",NDA,"3,179,893"
Carlstadt Boro,Bergen,Carlstadt Boro Bergen,2022,PSEG,"16,236,096","267,556,807","101,754,272","640,233","386,187,408",PSEG,"1,868,243","4,406,667","2,621,156",NDA,"8,896,066"
Cliffside Park Boro,Bergen,Cliffside Park Boro Bergen,2022,PSEG,"72,133,945","45,324,282","77,110","1,115,669","118,651,006",PSEG,"4,941,048","2,867,060","164,759",NDA,"7,972,867"
Closter Boro,Bergen,Closter Boro Bergen,2022,RECO/PSEG,"4,323",NDA,NDA,NDA,"4,323",PSEG,"4,092,311","1,197,814","44,629",NDA,"5,334,754"
Cresskill Boro,Bergen,Cresskill Boro Bergen,2022,RECO/PSEG,"141,865","62,265",NDA,NDA,"204,130",PSEG,"4,213,680","537,603","16,453",NDA,"4,767,737"
Demarest Boro,Bergen,Demarest Boro Bergen,2022,RECO,NDA,NDA,NDA,NDA,NDA,PSEG,"2,822,769","418,811","1,312",NDA,"3,242,892"
Dumont Boro,Bergen,Dumont Boro Bergen,2022,PSEG,"47,818,817","14,142,709","1,163,424","756,965","63,881,915",PSEG,"5,228,058","1,490,728","20,288",NDA,"6,739,074"
East Rutherford Boro,Bergen,East Rutherford Boro Bergen,2022,PSEG,"27,245,414","255,113,088","8,680,169","869,464","291,908,135",PSEG,"2,139,755","5,216,370","365,466",NDA,"7,721,591"
Edgewater Boro,Bergen,Edgewater Boro Bergen,2022,PSEG,"48,550,055","66,597,041","1,894,546","735,711","117,777,353",PSEG,"1,887,320","2,921,343","69,040",NDA,"4,877,702"
Elmwood Park Boro,Bergen,Elmwood Park Boro Bergen,2022,PSEG,"51,102,702","58,019,901","99,851,578","1,287,578","210,261,759",PSEG,"5,395,600","10,374,861","228,172",NDA,"15,998,634"
Emerson Boro,Bergen,Emerson Boro Bergen,2022,PSEG,"24,335,591","16,874,490","170,727","488,824","41,869,632",PSEG,"2,754,056","667,790","16,632",NDA,"3,438,478"
Englewood City,Bergen,Englewood City Bergen,2022,PSEG/ACE,"90,335,054","132,130,400","7,026,036","3,260,394","232,751,884",PSEG,"9,102,378","7,994,627","604,666",NDA,"17,701,672"
Englewood Cliffs Boro,Bergen,Englewood Cliffs Boro Bergen,2022,PSEG,"25,819,852","68,117,560","799,745","625,146","95,362,303",PSEG,"3,543,843","1,297,340","22,399",NDA,"4,863,583"
Fair Lawn Boro,Bergen,Fair Lawn Boro Bergen,2022,PSEG,"95,310,590","80,662,118","19,378,151","1,458,458","196,809,317",PSEG,"10,981,622","3,774,426","1,748,842",NDA,"16,504,890"
Fairview Boro,Bergen,Fairview Boro Bergen,2022,PSEG,"28,725,276","25,661,720","4,312,099","1,007,613","59,706,708",PSEG,"2,982,110","2,004,352","152,055",NDA,"5,138,517"
Fort Lee Boro,Bergen,Fort Lee Boro Bergen,2022,PSEG,"98,402,112","171,104,288","7,335,313","1,625,250","278,466,963",PSEG,"5,992,174","10,296,930","124,075",NDA,"16,413,179"
Franklin Lakes Boro,Bergen,Franklin Lakes Boro Bergen,2022,RECO/PSEG,"22,760",NDA,NDA,NDA,"22,760",PSEG,"8,739,385","1,638,881","9,117",NDA,"10,387,383"
Garfield City,Bergen,Garfield City Bergen,2022,PSEG,"66,063,694","44,537,705","15,828,869","1,430,387","127,860,655",PSEG,"7,985,606","2,966,563","210,083",NDA,"11,162,252"
Glen Rock Boro,Bergen,Glen Rock Boro Bergen,2022,PSEG,"40,983,013","21,337,302","1,263,912","757,168","64,341,395",PSEG,"5,093,265","1,054,448","22,347",NDA,"6,170,059"
Hackensack City,Bergen,Hackensack City Bergen,2022,PSEG,"121,156,270","313,462,012","4,347,897","3,000,697","441,966,876",PSEG,"6,100,376","18,214,982","260,479",NDA,"24,575,837"
Harrington Park Boro,Bergen,Harrington Park Boro Bergen,2022,RECO,NDA,NDA,NDA,NDA,NDA,PSEG,"2,217,127","148,397","3,272",NDA,"2,368,796"
Hasbrouck Heights Boro,Bergen,Hasbrouck Heights Boro Bergen,2022,PSEG,"34,912,870","27,240,899","530,398","1,781,542","64,465,709",PSEG,"3,716,879","1,535,946","23,936",NDA,"5,276,761"
Haworth Boro,Bergen,Haworth Boro Bergen,2022,RECO/PSEG,"9,176,315","43,409,842","362,692","189,377","53,138,226",PSEG,"1,815,355","2,416,927","2,262",NDA,"4,234,544"
Hillsdale Boro,Bergen,Hillsdale Boro Bergen,2022,PSEG,"35,723,025","18,503,493","40,400","464,457","54,731,375",PSEG,"4,281,664","887,547","2,662",NDA,"5,171,872"
Ho-ho-kus Boro,Bergen,Ho-ho-kus Boro Bergen,2022,PSEG,"19,932,236","6,407,671","313,233","245,619","26,898,759",PSEG,"2,408,265","348,753","2,471",NDA,"2,759,490"
Leonia Boro,Bergen,Leonia Boro Bergen,2022,PSEG,"23,929,221","18,898,473","23,020","606,395","43,457,109",PSEG,"2,980,860","1,032,035","83,793",NDA,"4,096,688"
Little Ferry Boro,Bergen,Little Ferry Boro Bergen,2022,PSEG,"28,602,276","31,544,289","44,433,539","393,641","104,973,745",PSEG,"2,285,964","2,229,315","422,022",NDA,"4,937,300"
Lodi Boro,Bergen,Lodi Boro Bergen,2022,PSEG,"59,352,906","48,825,272","11,858,323","1,325,105","121,361,606",PSEG,"5,233,179","3,942,065","587,080",NDA,"9,762,324"
Lyndhurst Twp,Bergen,Lyndhurst Twp Bergen,2022,PSEG,"62,220,649","126,735,539","17,066,430","1,035,911","207,058,529",PSEG,"6,238,307","3,322,499","1,451,196",NDA,"11,012,002"
Mahwah Twp,Bergen,Mahwah Twp Bergen,2022,RECO/PSEG,NDA,NDA,NDA,NDA,NDA,PSEG,"10,822,033","5,742,643","141,989",NDA,"16,706,664"
Maywood Boro,Bergen,Maywood Boro Bergen,2022,PSEG,"26,592,980","24,026,531","4,071,161","598,669","55,289,341",PSEG,"2,857,153","1,243,036","1,738,501",NDA,"5,838,690"
Midland Park Boro,Bergen,Midland Park Boro Bergen,2022,PSEG,"22,016,258","16,943,660","783,658","562,930","40,306,506",PSEG,"2,714,527","997,104","24,506",NDA,"3,736,137"
Montvale Boro,Bergen,Montvale Boro Bergen,2022,RECO/PSEG,"586,294","272,881",NDA,"20,604","879,779",PSEG,"3,900,699","2,940,302","50,398",NDA,"6,891,399"
Moonachie Boro,Bergen,Moonachie Boro Bergen,2022,PSEG,"8,374,440","40,811,038","22,434,193","254,440","71,874,111",PSEG,"755,396","2,399,673","1,443,037",NDA,"4,598,106"
New Milford Boro,Bergen,New Milford Boro Bergen,2022,PSEG,"46,902,544","15,539,184","18,274","610,543","63,070,545",PSEG,"4,537,907","2,422,240","-4,786",NDA,"6,955,361"
North Arlington Boro,Bergen,North Arlington Boro Bergen,2022,PSEG,"39,006,172","22,614,820","255,824","1,045,300","62,922,116",PSEG,"4,310,600","2,313,527","47,310",NDA,"6,671,437"
Northvale Boro,Bergen,Northvale Boro Bergen,2022,RECO,NDA,NDA,NDA,NDA,NDA,PSEG,"1,795,017","1,372,524","207,503",NDA,"3,375,044"
Norwood Boro,Bergen,Norwood Boro Bergen,2022,RECO,NDA,NDA,NDA,NDA,NDA,PSEG,"2,667,233","729,667","71,684",NDA,"3,468,583"
Oakland Boro,Bergen,Oakland Boro Bergen,2022,RECO/PSEG,"119,873","13,287",NDA,"1,752","134,912",PSEG,"5,156,507","2,342,598","114,200",NDA,"7,613,305"
Old Tappan Boro,Bergen,Old Tappan Boro Bergen,2022,RECO/PSEG,"8,516,168","32,194",NDA,"66,866","8,615,228",PSEG,"3,412,631","444,463","1,799",NDA,"3,858,893"
Oradell Boro,Bergen,Oradell Boro Bergen,2022,PSEG,"29,013,365","16,921,766","375,844","688,815","46,999,790",PSEG,"3,505,623","793,973","1,199",NDA,"4,300,795"
Palisades Park Boro,Bergen,Palisades Park Boro Bergen,2022,PSEG,"47,365,774","34,397,537","3,880,039","611,028","86,254,378",PSEG,"4,531,665","2,931,781","324,002",NDA,"7,787,448"
Paramus Boro,Bergen,Paramus Boro Bergen,2022,PSEG,"87,223,960","333,692,942","3,740,249","2,954,669","427,611,820",PSEG,"10,426,716","8,527,190","82,731",NDA,"19,036,636"
Park Ridge Boro,Bergen,Park Ridge Boro Bergen,2022,MEU/PSEG,"5,360",NDA,NDA,NDA,"5,360",PSEG,"3,813,869","868,435","31,142",NDA,"4,713,445"
Ramsey Boro,Bergen,Ramsey Boro Bergen,2022,RECO,NDA,NDA,NDA,NDA,NDA,PSEG,"6,552,190","2,968,758","209,506",NDA,"9,730,455"
Ridgefield Boro,Bergen,Ridgefield Boro Bergen,2022,PSEG,"27,688,660","56,349,895","22,498,269","673,904","107,210,728",PSEG,"3,423,646","4,398,932","157,143,369",NDA,"164,965,947"
Ridgefield Park Village,Bergen,Ridgefield Park Village Bergen,2022,PSEG,"30,977,413","61,904,339","1,307,954","497,897","94,687,603",PSEG,"3,292,511","1,899,787","86,429",NDA,"5,278,726"
Ridgewood Village,Bergen,Ridgewood Village Bergen,2022,PSEG,"92,998,786","83,239,246","1,502,414","1,469,163","179,209,609",PSEG,"11,214,985","3,706,605","49,501",NDA,"14,971,092"
River Edge Boro,Bergen,River Edge Boro Bergen,2022,PSEG,"33,293,984","17,040,552","129,212","573,705","51,037,453",PSEG,"3,646,442","1,386,561","2,299",NDA,"5,035,302"
River Vale Twp,Bergen,River Vale Twp Bergen,2022,RECO/PSEG,"37,295,506","13,176,482",NDA,"380,212","50,852,200",PSEG,"4,480,884","534,743",NDA,NDA,"5,015,628"
Rochelle Park Twp,Bergen,Rochelle Park Twp Bergen,2022,PSEG,"16,537,528","31,286,288","18,398,933","364,202","66,586,951",PSEG,"1,763,676","867,176","57,880",NDA,"2,688,733"
Rockleigh Boro,Bergen,Rockleigh Boro Bergen,2022,RECO,NDA,NDA,NDA,NDA,NDA,PSEG,"211,901","754,996","111,389",NDA,"1,078,286"
Rutherford Boro,Bergen,Rutherford Boro Bergen,2022,PSEG,"50,959,881","96,151,043","7,445,830","1,027,122","155,583,876",PSEG,"5,491,079","2,572,053","277,587",NDA,"8,340,719"
Saddle Brook Twp,Bergen,Saddle Brook Twp Bergen,2022,PSEG,"42,420,860","81,814,964","11,383,439","830,808","136,450,071",PSEG,"4,350,169","2,872,932","525,909",NDA,"7,749,010"
Saddle River Boro,Bergen,Saddle River Boro Bergen,2022,RECO/PSEG,"12,058,526","562,668",NDA,"53,880","12,675,074",PSEG,"4,043,919","214,702",NDA,NDA,"4,258,621"
South Hackensack Twp,Bergen,South Hackensack Twp Bergen,2022,PSEG,"5,902,823","36,872,340","16,347,625","213,807","59,336,595",PSEG,"677,621","1,512,261","946,455",NDA,"3,136,336"
Teaneck Twp,Bergen,Teaneck Twp Bergen,2022,PSEG,"121,400,295","102,520,336","1,019,734","2,306,475","227,246,840",PSEG,"13,145,534","5,140,871","62,745",NDA,"18,349,149"
Tenafly Boro,Bergen,Tenafly Boro Bergen,2022,PSEG,"61,516,715","25,935,053","184,240","756,867","88,392,875",PSEG,"7,230,630","1,710,592","10,574",NDA,"8,951,797"
Teterboro Boro,Bergen,Teterboro Boro Bergen,2022,PSEG,"193,117","50,156,565","13,452,701","200,942","64,003,325",PSEG,"14,999","2,115,536","483,023",NDA,"2,613,558"
Upper Saddle River Boro,Bergen,Upper Saddle River Boro Bergen,2022,RECO,NDA,NDA,NDA,NDA,NDA,PSEG,"5,839,164","487,346","24,043",NDA,"6,350,554"
Waldwick Boro,Bergen,Waldwick Boro Bergen,2022,PSEG,"30,339,046","20,588,351","9,498,832","487,074","60,913,303",PSEG,"3,598,902","857,056","49,001",NDA,"4,504,959"
Wallington Boro,Bergen,Wallington Boro Bergen,2022,PSEG,"26,104,345","15,369,028","725,096","476,861","42,675,330",PSEG,"2,610,177","1,282,637","116,369",NDA,"4,009,182"
Washington Twp,Bergen,Washington Twp (Bergen) Bergen,2022,PSEG,"35,443,907","13,002,175","106,296","313,455","48,865,833",PSEG,"4,080,189","563,848","4,730",NDA,"4,648,767"
Westwood Boro,Bergen,Westwood Boro Bergen,2022,PSEG,"34,430,747","35,087,229","809,589","861,940","71,189,505",PSEG,"3,548,248","2,116,165","34,287",NDA,"5,698,699"
Woodcliff Lake Boro,Bergen,Woodcliff Lake Boro Bergen,2022,PSEG,"27,358,210","48,327,771","368,812","534,743","76,589,536",PSEG,"3,590,472","741,907","3,678",NDA,"4,336,057"
Wood-ridge Boro,Bergen,Wood-ridge Boro Bergen,2022,PSEG,"31,697,057","27,133,015","749,557","469,770","60,049,399",PSEG,"3,037,054","1,193,574","95,680",NDA,"4,326,308"
Wyckoff Twp,Bergen,Wyckoff Twp Bergen,2022,RECO/PSEG,"30,135,313","12,703,761","1,876,605","313,612","45,029,291",PSEG,"9,101,631","2,128,312","35,912",NDA,"11,265,855"
Bass River Twp,Burlington,Bass River Twp Burlington,2022,ACE,"5,998,963","2,994,788","6,035,188","79,897","15,108,836",NJNG,"175,863","571,744",CWC,NDA,"747,607"
Beverly City,Burlington,Beverly City Burlington,2022,PSEG,"8,413,752","2,048,326","35,377","224,228","10,721,683",PSEG,"800,823","111,064","7,100",NDA,"918,987"
Bordentown City,Burlington,Bordentown City Burlington,2022,PSEG,"12,663,236","8,123,707","78,231","243,747","21,108,921",PSEG,"1,140,400","597,484","7,418",NDA,"1,745,303"
Bordentown Twp,Burlington,Bordentown Twp Burlington,2022,PSEG,"36,510,854","57,317,878","2,922,781","790,376","97,541,889",PSEG,"2,998,668","2,834,809","120,838",NDA,"5,954,315"
Burlington City,Burlington,Burlington City Burlington,2022,PSEG,"31,542,481","32,658,013","15,731,600","1,969,774","81,901,868",PSEG,"2,876,372","1,503,994","31,364",NDA,"4,411,730"
Burlington Twp,Burlington,Burlington Twp Burlington,2022,PSEG,"69,434,414","96,076,002","4,200,945","1,222,200","170,933,561",PSEG,"5,969,148","8,482,200","13,098,675",NDA,"27,550,023"
Chesterfield Twp,Burlington,Chesterfield Twp Burlington,2022,PSEG/JCPL,"22,662,673","59,853,437","14,153,312","394,717","97,064,139",PSEG,"1,441,510","324,406",NDA,NDA,"1,765,916"
Cinnaminson Twp,Burlington,Cinnaminson Twp Burlington,2022,PSEG,"60,386,625","63,022,474","4,898,368","1,339,689","129,647,156",PSEG,"5,161,922","2,224,371","827,392",NDA,"8,213,685"
Delanco Twp,Burlington,Delanco Twp Burlington,2022,PSEG,"17,857,503","14,529,554","2,581,530","253,332","35,221,919",PSEG,"1,405,992","581,531","224,857",NDA,"2,212,379"
Delran Twp,Burlington,Delran Twp Burlington,2022,PSEG,"56,893,432","39,773,517","15,751,755","802,567","113,221,271",PSEG,"3,985,142","2,609,005","8,694",NDA,"6,602,841"
Eastampton Twp,Burlington,Eastampton Twp Burlington,2022,PSEG,"23,542,859","7,150,566","76,937","438,550","31,208,912",PSEG,"1,434,451","293,013",412,NDA,"1,727,875"
Edgewater Park Twp,Burlington,Edgewater Park Twp Burlington,2022,PSEG,"27,326,919","19,628,809","45,036","415,513","47,416,277",PSEG,"2,285,449","893,253","96,715",NDA,"3,275,417"
Evesham Twp,Burlington,Evesham Twp Burlington,2022,PSEG/ACE,"170,173,804","160,457,601","1,017,404","2,391,003","334,039,812",PSEG/SJG,"16,582,166","5,546,496","6,522",NDA,"22,135,184"
Fieldsboro Boro,Burlington,Fieldsboro Boro Burlington,2022,PSEG,"2,062,402","846,748","16,056,793","65,641","19,031,584",PSEG,"161,825","33,222","1,468,660",NDA,"1,663,706"
Florence Twp,Burlington,Florence Twp Burlington,2022,PSEG,"41,721,042","70,660,910","15,531,713","716,339","128,630,004",PSEG,"3,194,735","2,718,592","316,250",NDA,"6,229,577"
Hainesport Twp,Burlington,Hainesport Twp Burlington,2022,PSEG,"24,480,294","13,230,619","1,875,781","431,458","40,018,152",PSEG,"1,620,470","1,063,441","458,229",NDA,"3,142,140"
Lumberton Twp,Burlington,Lumberton Twp Burlington,2022,PSEG,"44,606,545","38,999,098","4,892,045","638,310","89,135,998",PSEG,"3,112,756","1,699,844",953,NDA,"4,813,553"
Mansfield Twp,Burlington,Mansfield Twp (Burlington) Burlington,2022,PSEG,"33,641,524","21,144,301","695,438","549,501","56,030,764",PSEG,"2,924,294","799,416","325,679",NDA,"4,049,388"
Maple Shade Twp,Burlington,Maple Shade Twp Burlington,2022,PSEG,"59,255,663","55,774,436","4,179,706","1,210,097","120,419,902",PSEG,"3,980,073","3,402,512","25,605",NDA,"7,408,190"
Medford Lakes Boro,Burlington,Medford Lakes Boro Burlington,2022,PSEG,"16,956,937","3,014,058",NDA,"148,457","20,119,452",SJG,"2,868,369","540,859",NDA,NDA,"3,409,228"
Medford Twp,Burlington,Medford Twp Burlington,2022,PSEG/ACE,"104,821,713","56,238,777","2,295,545","1,350,680","164,706,715",PSEG/SJG,"14,356,050","3,616,049",NDA,NDA,"17,972,099"
Moorestown Twp,Burlington,Moorestown Twp Burlington,2022,PSEG,"93,935,358","133,780,939","92,711,611","1,347,704","321,775,612",PSEG,"8,130,169","4,862,282","278,507",NDA,"13,270,958"
Mount Holly Twp,Burlington,Mount Holly Twp Burlington,2022,PSEG,"31,715,233","49,426,245","4,429,020","907,778","86,478,276",PSEG,"2,577,700","1,838,703","49,724",NDA,"4,466,127"
Mount Laurel Twp,Burlington,Mount Laurel Twp Burlington,2022,PSEG/ACE,"170,190,170","281,724,864","13,285,328","2,818,088","468,018,450",PSEG,"11,497,540","6,024,712","758,071",NDA,"18,280,323"
New Hanover Twp,Burlington,New Hanover Twp Burlington,2022,JCPL,"14,002,095","139,688,134",NDA,NDA,"153,690,229",PSEG,"643,935","7,088,775",NDA,NDA,"7,732,710"
North Hanover Twp,Burlington,North Hanover Twp Burlington,2022,PSEG/JCPL,"18,103,995","6,558,259",NDA,184,"24,662,438",PSEG,"88,165","76,477",NDA,NDA,"164,643"
Palmyra Boro,Burlington,Palmyra Boro Burlington,2022,PSEG,"26,187,779","10,657,867","2,086,259","522,897","39,454,802",PSEG,"2,014,258","658,289","86,489","4,533","2,763,570"
Pemberton Boro,Burlington,Pemberton Boro Burlington,2022,MEU/JCPL,"119,763","8,924,587",NDA,NDA,"9,044,350",PSEG,"413,449","137,391","1,212",NDA,"552,052"
Pemberton Twp,Burlington,Pemberton Twp Burlington,2022,PSEG/JCPL,"101,539,105","46,885,847","183,181","60,187","148,668,320",PSEG,"4,312,028","1,670,944","2,650",NDA,"5,985,622"
Riverside Twp,Burlington,Riverside Twp Burlington,2022,PSEG,"25,201,921","13,165,077","2,417,514","435,032","41,219,544",PSEG,"2,068,810","663,103","37,237",NDA,"2,769,150"
Riverton Boro,Burlington,Riverton Boro Burlington,2022,PSEG,"9,857,683","3,164,831","32,261","116,812","13,171,587",PSEG,"986,214","207,138","1,600","19,714","1,214,665"
Shamong Twp,Burlington,Shamong Twp Burlington,2022,ACE,"28,032,681","4,988,161","69,482","33,509","33,123,833",SJG,"3,012,535","669,718",NDA,NDA,"3,682,253"
Southampton Twp,Burlington,Southampton Twp Burlington,2022,PSEG/JCPL/ACE,"57,214,842","12,325,574","795,721","766,258","71,102,395",PSEG/SJG,"1,232,130","261,474",NDA,NDA,"1,493,604"
Springfield Twp,Burlington,Springfield Twp (Burlington) Burlington,2022,PSEG/JCPL,"16,310,633","9,408,346","385,451","236,952","26,341,382",PSEG,"296,777","77,148",NDA,NDA,"373,925"
Tabernacle Twp,Burlington,Tabernacle Twp Burlington,2022,ACE,"34,249,771","12,207,240","289,012","69,014","46,815,037",SJG,"2,221,440","1,332,924",NDA,NDA,"3,554,363"
Washington Twp,Burlington,Washington Twp (Burlington) Burlington,2022,ACE,"3,182,241","2,621,019","261,633","16,965","6,081,858",NJNG,"117,211","142,008",CWC,NDA,"259,219"
Westampton Twp,Burlington,Westampton Twp Burlington,2022,PSEG,"32,870,547","74,036,266","5,541,954","581,666","113,030,433",PSEG,"1,927,632","2,146,219","189,768",NDA,"4,263,618"
Willingboro Twp,Burlington,Willingboro Twp Burlington,2022,PSEG,"92,989,042","46,410,676","1,016,627","2,143,291","142,559,636",PSEG,"11,408,865","1,669,792","29,093",NDA,"13,107,749"
Woodland Twp,Burlington,Woodland Twp Burlington,2022,JCPL/ACE,"6,694,151","9,672,110",46,"34,821","16,401,128",PSEG/SJG,"2,179","369,129",NDA,NDA,"371,308"
Wrightstown Boro,Burlington,Wrightstown Boro Burlington,2022,JCPL,"3,793,175","9,394,829","3,393,009",NDA,"16,581,013",PSEG,"122,409","647,683","7,032",NDA,"777,124"
Audubon Boro,Camden,Audubon Boro Camden,2022,PSEG,"29,046,965","23,346,713","91,806","366,799","52,852,283",PSEG,"2,534,992","1,020,820","14,063",NDA,"3,569,875"
Audubon Park Boro,Camden,Audubon Park Boro Camden,2022,PSEG,NDA,NDA,NDA,"2,502","2,502",NDA,NDA,NDA,NDA,NDA,NDA
Barrington Boro,Camden,Barrington Boro Camden,2022,PSEG,"23,029,562","19,867,526","205,044","483,140","43,585,272",PSEG/SJG,"1,766,220","959,649","761,065",NDA,"3,486,933"
Bellmawr Boro,Camden,Bellmawr Boro Camden,2022,PSEG,"35,322,322","45,890,326","16,714,491","656,576","98,583,715",PSEG,"2,856,201","4,286,410","637,262",NDA,"7,779,873"
Berlin Boro,Camden,Berlin Boro Camden,2022,ACE,"39,515,792","39,837,122","76,217,181","368,654","155,938,749",SJG,"5,384,419","3,203,016","52,210",NDA,"8,639,645"
Berlin Twp,Camden,Berlin Twp Camden,2022,ACE,"24,299,879","20,278,541","1,171,758","217,838","45,968,016",SJG,"2,642,824","4,550,463","10,000",NDA,"7,203,287"
Brooklawn Boro,Camden,Brooklawn Boro Camden,2022,PSEG,"5,562,256","8,712,673","14,720","194,724","14,484,373",PSEG,"484,205","366,268","3,948",NDA,"854,421"
Camden City,Camden,Camden City Camden,2022,PSEG,"171,153,874","356,580,100","96,336,345","11,169,495","635,239,814",PSEG,"15,401,113","19,765,685","15,733,034",NDA,"50,899,833"
Cherry Hill Twp,Camden,Cherry Hill Twp Camden,2022,PSEG,"256,290,013","369,146,680","20,101,062","3,148,575","648,686,330",PSEG/SJG,"23,465,396","13,740,658","2,065,615",NDA,"39,271,669"
Chesilhurst Boro,Camden,Chesilhurst Boro Camden,2022,ACE,"5,784,926","1,486,790","4,078","63,408","7,339,202",SJG,"648,969","164,871",NDA,NDA,"813,840"
Clementon Boro,Camden,Clementon Boro Camden,2022,ACE,"47,267,361","20,411,702","353,227","217,805","68,250,095",SJG,"2,114,091","634,734",NDA,NDA,"2,748,825"
Collingswood Boro,Camden,Collingswood Boro Camden,2022,PSEG,"40,260,942","30,537,383","1,809,385","561,087","73,168,797",PSEG,"3,527,914","2,081,913","51,706",NDA,"5,661,533"
Gibbsboro Boro,Camden,Gibbsboro Boro Camden,2022,ACE,"8,139,531","13,985,420","223,853","162,202","22,511,006",SJG,"1,339,743","1,413,830","2,399",NDA,"2,755,973"
Gloucester City,Camden,Gloucester City Camden,2022,PSEG,"36,583,439","40,181,265","243,619","1,152,573","78,160,896",PSEG,"2,935,951","1,636,432","30,497",NDA,"4,602,880"
Gloucester Twp,Camden,Gloucester Twp Camden,2022,PSEG/ACE,"167,635,793","73,865,226","6,500,050","2,641,136","250,642,205",SJG,"27,823,458","41,910,829","150,640",NDA,"69,884,927"
Haddon Heights Boro,Camden,Haddon Heights Boro Camden,2022,PSEG,"26,893,287","14,650,861","168,327","234,271","41,946,746",PSEG,"2,437,646","712,537","8,313",NDA,"3,158,496"
Haddon Twp,Camden,Haddon Twp Camden,2022,PSEG,"48,139,331","50,145,987","1,205,151","1,063,057","100,553,526",PSEG,"4,017,905","2,323,857","20,065",NDA,"6,361,827"
Haddonfield Boro,Camden,Haddonfield Boro Camden,2022,PSEG,"51,083,854","20,692,872","269,946","576,841","72,623,513",PSEG,"4,475,621","988,950","7,005",NDA,"5,471,576"
Hi-nella Boro,Camden,Hi-nella Boro Camden,2022,PSEG/ACE,"2,495,280","940,830",NDA,"27,531","3,463,641",PSEG/SJG,"176,409","2,403,045",NDA,NDA,"2,579,454"
Laurel Springs Boro,Camden,Laurel Springs Boro Camden,2022,ACE,"11,403,396","7,586,287","2,260,808","80,935","21,331,426",SJG,"1,229,180","613,261",NDA,NDA,"1,842,440"
Lawnside Boro,Camden,Lawnside Boro Camden,2022,PSEG,"10,849,674","15,368,379",732,"373,341","26,592,126",PSEG/SJG,"1,194,852","1,474,860",NDA,NDA,"2,669,712"
Lindenwold Boro,Camden,Lindenwold Boro Camden,2022,ACE,"53,710,932","22,405,285","295,279","326,672","76,738,168",SJG,"5,311,526","31,144,037","19,755",NDA,"36,475,318"
Magnolia Boro,Camden,Magnolia Boro Camden,2022,PSEG,"13,365,478","8,606,875","1,562,507","224,468","23,759,328",SJG,"2,671,914","4,357,277","11,822",NDA,"7,041,013"
Merchantville Boro,Camden,Merchantville Boro Camden,2022,PSEG,"12,910,689","4,263,855","1,817,906","263,215","19,255,665",PSEG,"1,208,839","462,063","1,805",NDA,"1,672,707"
Mount Ephraim Boro,Camden,Mount Ephraim Boro Camden,2022,PSEG,"14,868,684","7,618,443","684,162","246,313","23,417,602",PSEG,"1,212,752","341,791","2,092",NDA,"1,556,635"
Oaklyn Boro,Camden,Oaklyn Boro Camden,2022,PSEG,"13,318,904","4,342,024","13,434","216,223","17,890,585",PSEG,"1,093,026","323,833","2,500",NDA,"1,419,359"
Pennsauken Twp,Camden,Pennsauken Twp Camden,2022,PSEG,"102,600,918","194,827,533","51,389,429","3,170,149","351,988,029",PSEG,"9,417,474","9,283,403","2,163,907",NDA,"20,864,784"
Pine Hill Boro,Camden,Pine Hill Boro Camden,2022,ACE,"31,410,222","9,907,419","57,346","244,983","41,619,970",SJG,"4,172,337","1,178,859",NDA,NDA,"5,351,195"
Pine Valley Boro,Camden,Pine Valley Boro (combined with Pine Hill Borough) Camden,2022,ACE,"199,286","1,670,049","3,499",NDA,"1,872,834",SJG,"14,449","5,773",NDA,NDA,"20,223"
Runnemede Boro,Camden,Runnemede Boro Camden,2022,PSEG,"26,485,493","19,776,772","753,754","445,415","47,461,434",PSEG/SJG,"3,621,910","10,745,744","270,579",NDA,"14,638,233"
Somerdale Boro,Camden,Somerdale Boro Camden,2022,PSEG/ACE,"16,802,729","14,186,086","54,181","310,364","31,353,360",SJG,"3,008,649","5,009,532","25,100",NDA,"8,043,281"
Stratford Boro,Camden,Stratford Boro Camden,2022,ACE,"20,875,607","25,966,514","1,978,520","81,840","48,902,481",SJG,"3,230,499","2,125,853",NDA,NDA,"5,356,353"
Tavistock Boro,Camden,Tavistock Boro Camden,2022,NDA,NDA,NDA,NDA,NDA,NDA,NDA,NDA,NDA,NDA,NDA,NDA
Voorhees Twp,Camden,Voorhees Twp Camden,2022,PSEG/ACE,"94,713,752","163,225,256","2,890,804","1,212,239","262,042,051",SJG,"15,296,077","7,496,886","18,435",NDA,"22,811,398"
Waterford Twp,Camden,Waterford Twp Camden,2022,ACE,"49,386,035","18,525,698","738,413","334,475","68,984,621",SJG,"5,632,199","2,322,695",NDA,NDA,"7,954,894"
Winslow Twp,Camden,Winslow Twp Camden,2022,ACE,"135,413,692","103,041,717","14,643,892","1,257,464","254,356,765",SJG,"18,101,734","10,758,340","1,109,536",NDA,"29,969,609"
Woodlynne Boro,Camden,Woodlynne Boro Camden,2022,PSEG,"7,352,268","1,787,880",37,"193,757","9,333,942",PSEG,"720,503","121,671",603,NDA,"842,777"
Avalon Boro,Cape May,Avalon Boro Cape May,2022,ACE,"48,587,363","13,447,521",NDA,"399,233","62,434,117",SJG,"6,180,290","1,661,262",NDA,NDA,"7,841,552"
Cape May City,Cape May,Cape May City Cape May,2022,ACE,"33,984,313","47,295,909","254,311","394,527","81,929,060",SJG,"3,487,315","14,834,209",NDA,NDA,"18,321,524"
Cape May Point Boro,Cape May,Cape May Point Boro Cape May,2022,ACE,"4,302,444","1,685,637",NDA,"36,678","6,024,759",SJG,"360,072","19,290",NDA,NDA,"379,362"
Dennis Twp,Cape May,Dennis Twp Cape May,2022,ACE,"29,605,851","21,597,592","40,773","52,728","51,296,944",SJG,"4,213,671","864,409","27,183",NDA,"5,105,263"
Lower Twp,Cape May,Lower Twp Cape May,2022,ACE,"89,771,942","42,374,402","8,910,096","1,041,609","142,098,049",SJG,"10,749,547","5,457,571","1,638",NDA,"16,208,757"
Middle Twp,Cape May,Middle Twp Cape May,2022,ACE,"82,749,189","105,864,817","766,708","916,754","190,297,468",SJG,"9,102,823","5,925,833","6,716",NDA,"15,035,371"
North Wildwood City,Cape May,North Wildwood City Cape May,2022,ACE,"37,787,956","22,427,255","2,209","325,407","60,542,827",SJG,"4,274,371","1,422,345",NDA,NDA,"5,696,716"
Ocean City,Cape May,Ocean City Cape May,2022,ACE,"119,598,842","51,383,093","86,080","1,177,063","172,245,078",SJG,"15,033,366","3,671,772","31,126",NDA,"18,736,264"
Sea Isle City,Cape May,Sea Isle City Cape May,2022,ACE,"45,573,248","13,634,508",NDA,"294,220","59,501,976",SJG,"4,206,647","648,855",NDA,NDA,"4,855,502"
Stone Harbor Boro,Cape May,Stone Harbor Boro Cape May,2022,ACE,"24,436,699","9,487,158",NDA,"347,356","34,271,213",SJG,"2,963,143","541,979",NDA,NDA,"3,505,122"
Upper Twp,Cape May,Upper Twp Cape May,2022,ACE,"53,452,659","27,320,132","1,543,554","546,277","82,862,622",SJG,"4,321,936","2,484,691","6,699",NDA,"6,813,327"
West Cape May Boro,Cape May,West Cape May Boro Cape May,2022,ACE,"7,540,356","3,822,148",NDA,"63,122","11,425,626",SJG,"1,104,085","310,549",NDA,NDA,"1,414,634"
West Wildwood Boro,Cape May,West Wildwood Boro Cape May,2022,ACE,"3,869,364","438,452",NDA,"66,320","4,374,136",SJG,"532,540","23,758",NDA,NDA,"556,298"
Wildwood City,Cape May,Wildwood City Cape May,2022,ACE,"37,145,765","52,416,798","4,979","837,366","90,404,908",SJG,"3,291,866","3,072,481","2,450",NDA,"6,366,797"
Wildwood Crest Boro,Cape May,Wildwood Crest Boro Cape May,2022,ACE,"30,089,969","20,410,603",NDA,"525,536","51,026,108",SJG,"3,772,625","2,125,747",NDA,NDA,"5,898,372"
Woodbine Boro,Cape May,Woodbine Boro Cape May,2022,ACE,"10,486,815","13,677,843","1,624,516","183,537","25,972,711",SJG,"506,173","1,048,517","6,422",NDA,"1,561,112"
Bridgeton City,Cumberland,Bridgeton City Cumberland,2022,ACE,"115,489,339","151,021,627","72,097,533","1,020,555","339,629,054",SJG,"6,602,081","10,497,346","42,929,562",NDA,"60,028,989"
Commercial Twp,Cumberland,Commercial Twp Cumberland,2022,ACE,"18,746,555","8,929,681","5,855,012","190,511","33,721,759",SJG,"1,759,329","237,901","1,285,023",NDA,"3,282,252"
Deerfield Twp,Cumberland,Deerfield Twp Cumberland,2022,ACE,"9,160,767","9,222,148","3,967,284","84,787","22,434,986",SJG,"908,504","746,726","119,599",NDA,"1,774,829"
Downe Twp,Cumberland,Downe Twp Cumberland,2022,ACE,"5,807,467","12,601,786","1,549,771","150,493","20,109,517",SJG,"400,073","39,280","1,447,380",NDA,"1,886,733"
Fairfield Twp,Cumberland,Fairfield Twp (Cumberland) Cumberland,2022,ACE,"3,843,166","10,426,764","446,214","144,146","14,860,290",SJG,"952,906","991,942",NDA,NDA,"1,944,848"
Greenwich Twp,Cumberland,Greenwich Twp (Cumberland) Cumberland,2022,ACE,"3,320,935","546,787",NDA,"32,282","3,900,004",SJG,"1,067,993","712,821","37,756",NDA,"1,818,570"
Hopewell Twp,Cumberland,Hopewell Twp (Cumberland) Cumberland,2022,ACE,"261,600","984,204",NDA,"40,666","1,286,470",SJG,"686,480","350,843",NDA,NDA,"1,037,324"
Lawrence Twp,Cumberland,Lawrence Twp (Cumberland) Cumberland,2022,ACE,"9,460,694","7,652,002","65,560","117,050","17,295,306",SJG,"554,064","266,104",NDA,NDA,"820,168"
Maurice River Twp,Cumberland,Maurice River Twp Cumberland,2022,ACE,"9,337,331","22,032,010","3,048,438","160,177","34,577,956",SJG,"679,846","14,827,489","5,563",NDA,"15,512,898"
Millville City,Cumberland,Millville City Cumberland,2022,ACE,"98,116,087","97,192,339","129,759,862","1,855,497","326,923,785",SJG,"11,901,684","8,864,669","28,596,279",NDA,"49,362,633"
Shiloh Boro,Cumberland,Shiloh Boro Cumberland,2022,ACE,"1,828,723","621,648",NDA,"17,160","2,467,531",SJG,"103,428","19,060",NDA,NDA,"122,488"
Stow Creek Twp,Cumberland,Stow Creek Twp Cumberland,2022,ACE,"3,642,077","797,351",NDA,"4,689","4,444,117",SJG,"31,630","10,904",NDA,NDA,"42,534"
Upper Deerfield Twp,Cumberland,Upper Deerfield Twp Cumberland,2022,ACE,"11,899,259","9,741,906","20,644,252","274,785","42,560,202",SJG,"1,977,364","1,480,287","2,100,945",NDA,"5,558,596"
Vineland City,Cumberland,Vineland City Cumberland,2022,MEU/ACE,"6,634,811","6,759,613","191,106","3,174","13,588,704",SJG,"26,073,154","27,784,278","37,392,423",NDA,"91,249,855"
Belleville Twp,Essex,Belleville Twp Essex,2022,PSEG,"87,154,940","72,239,099","3,783,169","2,291,945","165,469,153",PSEG,"9,470,816","5,684,910","219,014",NDA,"15,374,739"
Bloomfield Twp,Essex,Bloomfield Twp Essex,2022,PSEG,"123,931,852","97,005,931","4,140,703","3,536,382","228,614,868",PSEG,"13,555,341","6,636,511","169,344","2,535","20,363,731"
Caldwell Boro,Essex,Caldwell Boro Essex,2022,PSEG/ACE,"21,755,129","22,859,537","91,530","612,823","45,319,019",PSEG,"2,438,576","1,979,377","9,705",NDA,"4,427,658"
Cedar Grove Twp,Essex,Cedar Grove Twp Essex,2022,PSEG,"45,700,725","36,648,096","4,580,219","1,159,209","88,088,249",PSEG,"4,888,742","2,782,770","130,658",NDA,"7,802,171"
City of Orange Twp,Essex,City of Orange Twp Essex,2022,PSEG,"63,352,338","64,367,042","2,525,361","3,795,740","134,040,481",PSEG,"6,942,644","5,974,866","178,654",NDA,"13,096,163"
East Orange City,Essex,East Orange City Essex,2022,PSEG,"138,269,093","140,558,279","844,539","4,685,431","284,357,342",PSEG,"15,118,830","14,352,563","414,250","4,778","29,890,421"
Essex Fells Boro,Essex,Essex Fells Boro Essex,2022,PSEG,"12,759,195","1,943,018","1,652,756","177,486","16,532,455",PSEG,"1,660,882","113,234",NDA,"2,500","1,776,616"
Fairfield Twp,Essex,Fairfield Twp (Essex) Essex,2022,PSEG,"31,297,204","137,414,602","27,876,512","947,599","197,535,917",PSEG,"3,507,169","6,759,174","756,709",NDA,"11,023,052"
Glen Ridge Boro,Essex,Glen Ridge Boro Essex,2022,PSEG,"26,975,089","29,706,739",NDA,"274,882","56,956,710",PSEG,"3,376,003","1,351,481",929,"188,352","4,916,765"
Irvington Twp,Essex,Irvington Twp Essex,2022,PSEG,"107,328,150","90,312,648","6,731,537","4,332,505","208,704,840",PSEG,"14,149,496","8,650,569","687,223",NDA,"23,487,289"
Livingston Twp,Essex,Livingston Twp Essex,2022,PSEG/JCPL,"118,342,260","159,467,698","10,207,108","1,637,995","289,655,061",PSEG,"13,974,095","5,022,732","105,520",NDA,"19,102,347"
Maplewood Twp,Essex,Maplewood Twp Essex,2022,PSEG,"71,370,602","49,140,937","955,135","1,701,213","123,167,887",PSEG,"9,162,897","4,173,036","66,134",NDA,"13,402,067"
Millburn Twp,Essex,Millburn Twp Essex,2022,PSEG/JCPL,"99,210,784","104,131,856","18,509,574","14,654","221,866,868",PSEG,"10,825,788","2,969,248","34,893",NDA,"13,829,928"
Montclair Twp,Essex,Montclair Twp Essex,2022,PSEG,"125,575,867","86,350,713","4,219,598","3,004,543","219,150,721",PSEG,"15,333,229","6,526,535","75,029",756,"21,935,549"
Newark City,Essex,Newark City Essex,2022,PSEG,"531,561,042","1,909,614,975","221,063,204","40,492,552","2,702,731,773",PSEG,"61,606,762","93,104,832","19,413,252",NDA,"174,124,846"
North Caldwell Boro,Essex,North Caldwell Boro Essex,2022,PSEG,"34,069,901","7,686,536","72,905","391,898","42,221,240",PSEG,"4,093,771","369,759","3,593",NDA,"4,467,123"
Nutley Twp,Essex,Nutley Twp Essex,2022,PSEG,"85,707,287","45,692,350","8,860,273","1,805,556","142,065,466",PSEG,"9,155,643","3,360,965","6,871,441",NDA,"19,388,049"
Roseland Boro,Essex,Roseland Boro Essex,2022,PSEG,"23,361,180","53,732,742","5,041,280","810,137","82,945,339",PSEG,"2,615,002","1,594,338","358,804","4,216","4,572,360"
South Orange Village Twp,Essex,South Orange Village Twp Essex,2022,PSEG,"57,995,851","56,054,239","2,527,349","1,423,601","118,001,040",PSEG,"7,758,358","3,157,619","15,963","408,085","11,340,024"
Verona Twp,Essex,Verona Twp Essex,2022,PSEG,"42,811,980","28,551,105","739,994","970,739","73,073,818",PSEG,"5,015,411","2,263,303","69,553","1,023","7,349,289"
West Caldwell Twp,Essex,West Caldwell Twp Essex,2022,PSEG,"37,195,156","78,369,316","30,849,939","739,444","147,153,855",PSEG,"4,390,274","3,727,011","1,795,225",281,"9,912,790"
West Orange Twp,Essex,West Orange Twp Essex,2022,PSEG,"142,684,420","143,459,687","4,596,523","3,316,178","294,056,808",PSEG,"17,439,903","6,358,739","89,468","26,926","23,915,035"
Clayton Boro,Gloucester,Clayton Boro Gloucester,2022,ACE,"27,526,323","11,959,332","13,608,413","175,347","53,269,415",SJG,"3,950,943","1,538,896","933,180",NDA,"6,423,020"
Deptford Twp,Gloucester,Deptford Twp Gloucester,2022,PSEG/ACE,"86,276,256","84,416,815","732,910","1,641,413","173,067,394",PSEG/SJG,"11,981,421","6,781,991","90,185",NDA,"18,853,597"
East Greenwich Twp,Gloucester,East Greenwich Twp Gloucester,2022,ACE,"40,337,174","17,931,315","21,576,340","374,720","80,219,549",SJG,"5,340,632","1,423,571","28,940,811",NDA,"35,705,014"
Elk Twp,Gloucester,Elk Twp Gloucester,2022,ACE,"7,301,551","2,533,658","232,800","79,274","10,147,283",SJG,"1,297,993","1,312,342","11,444",NDA,"2,621,779"
Franklin Twp,Gloucester,Franklin Twp (Gloucester) Gloucester,2022,ACE,"53,306,856","17,766,810","2,396,922","390,549","73,861,137",SJG,"5,474,348","1,662,961",NDA,NDA,"7,137,309"
Glassboro Boro,Gloucester,Glassboro Boro Gloucester,2022,ACE,"57,376,588","110,907,634","602,970","758,584","169,645,776",SJG,"8,288,198","18,110,669","638,893",NDA,"27,037,760"
Greenwich Twp,Gloucester,Greenwich Twp (Gloucester) Gloucester,2022,ACE,"16,768,711","13,380,660","7,278,582","290,922","37,718,875",SJG,"1,918,096","753,949","37,756",NDA,"2,709,801"
Harrison Twp,Gloucester,Harrison Twp Gloucester,2022,ACE,"64,687,932","39,876,921","2,085,350","404,046","107,054,249",SJG,"8,543,689","4,042,123","1,423,206",NDA,"14,009,019"
Logan Twp,Gloucester,Logan Twp Gloucester,2022,ACE,"3,369,366","95,094,107","28,918,714","301,035","127,683,222",SJG,"1,938,455","9,613,900","17,897,795",NDA,"29,450,150"
Mantua Twp,Gloucester,Mantua Twp Gloucester,2022,ACE,"113,723,406","59,126,360","2,370,020","392,165","175,611,951",SJG,"8,312,549","1,700,050","124,719",NDA,"10,137,319"
Monroe Twp,Gloucester,Monroe Twp (Gloucester) Gloucester,2022,ACE,"124,756,171","65,412,561","1,728,279","1,086,861","192,983,872",SJG,"18,038,543","12,903,037","1,488,276",NDA,"32,429,856"
National Park Boro,Gloucester,National Park Boro Gloucester,2022,PSEG,"10,210,099","2,073,901","52,586","155,610","12,492,196",PSEG,"643,763","84,721",209,NDA,"728,693"
Newfield Boro,Gloucester,Newfield Boro Gloucester,2022,ACE,"15,972,751","9,836,160","87,646","66,108","25,962,665",SJG,"1,443,688","279,062","19,339",NDA,"1,742,089"
Paulsboro Boro,Gloucester,Paulsboro Boro Gloucester,2022,ACE,"21,711,193","25,755,195","46,621,206","301,942","94,389,536",SJG,"2,203,700","3,200,909","43,895,884",NDA,"49,300,492"
Pitman Boro,Gloucester,Pitman Boro Gloucester,2022,ACE,"30,842,636","10,938,878","4,614,710","435,481","46,831,705",SJG,"4,735,899","2,633,203","31,173",NDA,"7,400,275"
South Harrison Twp,Gloucester,South Harrison Twp Gloucester,2022,ACE,"2,605,374","2,441,963",NDA,"48,234","5,095,571",SJG,"442,221","65,937",NDA,NDA,"508,158"
Swedesboro Boro,Gloucester,Swedesboro Boro Gloucester,2022,ACE,"69,201,669","176,250,666","42,694,322","449,534","288,596,191",SJG,"1,164,132","690,140","449,049",NDA,"2,303,321"
Washington Twp,Gloucester,Washington Twp (Gloucester) Gloucester,2022,PSEG/ACE,"106,518,504","138,906,184","296,754","1,457,808","247,179,250",SJG,"23,981,200","16,654,915","1,345,990",NDA,"41,982,105"
Wenonah Boro,Gloucester,Wenonah Boro Gloucester,2022,ACE,"21,584,461","4,745,663","67,190","75,850","26,473,164",SJG,"1,817,791","129,354",NDA,NDA,"1,947,145"
West Deptford Twp,Gloucester,West Deptford Twp Gloucester,2022,PSEG/ACE,"77,165,757","105,458,596","129,028,632","1,188,108","312,841,093",PSEG/SJG,"5,852,632","3,645,872","10,038,670",NDA,"19,537,174"
Westville Boro,Gloucester,Westville Boro Gloucester,2022,PSEG,"13,624,946","6,581,544","238,471","260,202","20,705,163",PSEG,"1,124,079","413,181","22,465,227",NDA,"24,002,487"
Woodbury City,Gloucester,Woodbury City Gloucester,2022,PSEG,"32,648,618","43,962,502","1,794,229","865,187","79,270,536",PSEG,"2,568,626","1,808,891","23,538",NDA,"4,401,055"
Woodbury Heights Boro,Gloucester,Woodbury Heights Boro Gloucester,2022,PSEG/ACE,"11,179,304","7,686,491","304,765","190,078","19,360,638",PSEG/SJG,"1,594,121","850,643","3,562",NDA,"2,448,326"
Woolwich Twp,Gloucester,Woolwich Twp Gloucester,2022,ACE,"63,316","266,930",NDA,NDA,"330,246",SJG,"6,467,424","1,274,502","66,763",NDA,"7,808,690"
Bayonne City,Hudson,Bayonne City Hudson,2022,PSEG,"154,579,190","175,554,765","29,141,549","5,049,854","364,325,358",PSEG,"15,942,600","9,555,870","305,135",NDA,"25,803,606"
East Newark Boro,Hudson,East Newark Boro Hudson,2022,PSEG,"4,394,549","2,942,975","21,957","268,795","7,628,276",PSEG,"531,761","239,474","3,203",NDA,"774,439"
Guttenberg Town,Hudson,Guttenberg Town Hudson,2022,PSEG,"17,468,779","31,491,772","313,895","543,793","49,818,239",PSEG,"1,401,140","1,361,803","28,071",NDA,"2,791,014"
Harrison Town,Hudson,Harrison Town Hudson,2022,PSEG,"45,850,373","63,266,884","2,326,330","1,851,546","113,295,133",PSEG,"3,258,913","2,687,171","164,245",NDA,"6,110,329"
Hoboken City,Hudson,Hoboken City Hudson,2022,PSEG,"154,575,288","224,095,505","6,427,855","3,254,292","388,352,940",PSEG,"5,261,111","10,749,788","483,849",NDA,"16,494,747"
Jersey City,Hudson,Jersey City Hudson,2022,PSEG,"665,327,038","1,309,042,125","114,807,645","22,833,590","2,112,010,398",PSEG,"45,419,693","47,922,614","2,327,565",NDA,"95,669,872"
Kearny Town,Hudson,Kearny Town Hudson,2022,PSEG,"81,975,126","294,367,671","13,195,500","3,468,155","393,006,452",PSEG,"10,520,868","9,601,565","2,983,353",NDA,"23,105,785"
North Bergen Twp,Hudson,North Bergen Twp Hudson,2022,PSEG,"119,953,635","273,814,311","10,996,172","4,996,950","409,761,068",PSEG,"10,605,740","12,628,097","599,617",NDA,"23,833,454"
Secaucus Town,Hudson,Secaucus Town Hudson,2022,PSEG,"56,735,071","772,693,617","9,189,183","2,137,386","840,755,257",PSEG,"4,678,364","12,164,414","431,948",NDA,"17,274,726"
Union City,Hudson,Union City Hudson,2022,PSEG,"102,484,624","127,403,412","4,432,018","9,344,173","243,664,227",PSEG,"8,762,769","9,976,310","503,949",NDA,"19,243,029"
Weehawken Twp,Hudson,Weehawken Twp Hudson,2022,PSEG,"50,015,237","168,773,003","11,458,192","1,394,039","231,640,471",PSEG,"2,892,551","2,965,249","124,704",NDA,"5,982,503"
West New York Town,Hudson,West New York Town Hudson,2022,PSEG,"88,732,935","96,543,582","1,600,539","3,048,979","189,926,035",PSEG,"5,604,291","9,050,068","289,375",NDA,"14,943,733"
Alexandria Twp,Hunterdon,Alexandria Twp Hunterdon,2022,JCPL,"24,376,356","4,749,070","148,200",NDA,"29,273,626",NDA,NDA,NDA,NDA,NDA,NDA
Bethlehem Twp,Hunterdon,Bethlehem Twp Hunterdon,2022,JCPL,"18,949,861","2,729,940","7,260,082",NDA,"28,939,883",ETG,"109,360",NDA,NDA,NDA,"109,360"
Bloomsbury Boro,Hunterdon,Bloomsbury Boro Hunterdon,2022,JCPL,"3,671,223","2,953,231","682,156",NDA,"7,306,610",ETG,"201,909","68,524",NDA,NDA,"270,433"
Califon Boro,Hunterdon,Califon Boro Hunterdon,2022,JCPL,"4,836,322","3,699,116","55,530",NDA,"8,590,968",ETG,"365,762","279,830",NDA,NDA,"645,592"
Clinton Town,Hunterdon,Clinton Town Hunterdon,2022,JCPL,"12,091,650","8,828,692","1,567,507",NDA,"22,487,849",ETG,"1,426,958","2,414,081",NDA,NDA,"3,841,039"
Clinton Twp,Hunterdon,Clinton Twp Hunterdon,2022,JCPL,"56,024,465","49,007,533","28,590,927",NDA,"133,622,925",ETG/PSEG,"5,123,571","1,950,950","17,804,120",NDA,"24,878,641"
Delaware Twp,Hunterdon,Delaware Twp Hunterdon,2022,JCPL,"25,768,642","4,625,027","19,177",NDA,"30,412,846",ETG,"292,968","14,419",NDA,NDA,"307,387"
East Amwell Twp,Hunterdon,East Amwell Twp Hunterdon,2022,PSEG/JCPL,"20,753,591","5,197,168","114,836","13,668","26,079,263",ETG,"492,832","316,468",NDA,NDA,"809,300"
Flemington Boro,Hunterdon,Flemington Boro Hunterdon,2022,JCPL,"18,002,070","31,067,780","657,565",NDA,"49,727,415",ETG,"1,977,356","3,194,211","5,282,641",NDA,"10,454,208"
Franklin Twp,Hunterdon,Franklin Twp (Hunterdon) Hunterdon,2022,JCPL,"17,039,189","14,525,523","22,706",NDA,"31,587,418",ETG,"94,187","389,201",NDA,NDA,"483,388"
Frenchtown Boro,Hunterdon,Frenchtown Boro Hunterdon,2022,JCPL,"6,702,438","3,794,023","450,345",NDA,"10,946,806",ETG,"387,762","179,990",NDA,NDA,"567,752"
Glen Gardner Boro,Hunterdon,Glen Gardner Boro Hunterdon,2022,JCPL,"6,530,462","1,242,158","1,288,735",NDA,"9,061,355",ETG,"750,802","62,079",NDA,NDA,"812,881"
Hampton Boro,Hunterdon,Hampton Boro Hunterdon,2022,JCPL,"6,552,509","1,965,518","1,354,829",NDA,"9,872,856",ETG,"270,800","150,904",NDA,NDA,"421,704"
High Bridge Boro,Hunterdon,High Bridge Boro Hunterdon,2022,JCPL,"16,346,397","7,842,109","4,095,552",NDA,"28,284,058",ETG,"928,102","339,029","14,062,352",NDA,"15,329,483"
Holland Twp,Hunterdon,Holland Twp Hunterdon,2022,JCPL,"24,686,725","9,323,236","4,493,702",NDA,"38,503,663",ETG,"393,294","226,072",NDA,NDA,"619,366"
Kingwood Twp,Hunterdon,Kingwood Twp Hunterdon,2022,JCPL,"19,498,017","4,321,301","5,466,950",NDA,"29,286,268",ETG,"113,965","420,729","885,911",NDA,"1,420,605"
Lambertville City,Hunterdon,Lambertville City Hunterdon,2022,JCPL,"17,451,692","8,995,762","9,626,153",NDA,"36,073,607",ETG,"2,355,660","795,632",NDA,NDA,"3,151,292"
Lebanon Boro,Hunterdon,Lebanon Boro Hunterdon,2022,JCPL,"5,826,036","7,569,915","1,335,601",NDA,"14,731,552",ETG,"755,820","1,058,545",NDA,NDA,"1,814,365"
Lebanon Twp,Hunterdon,Lebanon Twp Hunterdon,2022,JCPL,"31,162,313","10,871,130","968,833",NDA,"43,002,276",ETG,"121,088","212,671",NDA,NDA,"333,759"
Milford Boro,Hunterdon,Milford Boro Hunterdon,2022,JCPL,"6,466,602","2,302,611","440,078",NDA,"9,209,291",ETG,"35,202","9,883","1,717,966",NDA,"1,763,051"
Raritan Twp,Hunterdon,Raritan Twp Hunterdon,2022,JCPL,"90,372,586","89,913,374","64,028,338",NDA,"244,314,298",ETG,"14,301,163","6,836,133","1,192,747",NDA,"22,330,043"
Readington Twp,Hunterdon,Readington Twp Hunterdon,2022,JCPL,"74,963,198","56,825,474","11,191,444",NDA,"142,980,116",ETG/PSEG,"5,475,828","2,553,639","164,945",NDA,"8,194,411"
Stockton Boro,Hunterdon,Stockton Boro Hunterdon,2022,JCPL,"2,363,471","1,037,090","149,070",NDA,"3,549,631",ETG,"344,124","90,799",NDA,NDA,"434,923"
Tewksbury Twp,Hunterdon,Tewksbury Twp Hunterdon,2022,JCPL,"40,494,477","11,487,191","55,735",NDA,"52,037,403",PSEG,"1,901,478","324,831",NDA,NDA,"2,226,309"
Union Twp,Hunterdon,Union Twp (Hunterdon) Hunterdon,2022,JCPL,"24,977,113","29,214,986","62,657",NDA,"54,254,756",ETG,"1,239,945","1,235,175",NDA,NDA,"2,475,120"
West Amwell Twp,Hunterdon,West Amwell Twp Hunterdon,2022,JCPL,"14,575,438","4,310,931","3,027,199",NDA,"21,913,568",ETG,"589,599","184,572",NDA,NDA,"774,171"
East Windsor Twp,Mercer,East Windsor Twp Mercer,2022,PSEG/JCPL,"78,127,767","96,542,379","12,124,104","1,809","186,796,059",PSEG,"6,098,634","5,124,375","396,008",NDA,"11,619,017"
Ewing Twp,Mercer,Ewing Twp Mercer,2022,PSEG,"110,141,665","210,426,982","18,584,840","2,582,588","341,736,075",ETG/PSEG,"9,615,481","14,504,569","1,721,115",NDA,"25,841,165"
Hamilton Twp,Mercer,Hamilton Twp (Mercer) Mercer,2022,PSEG,"283,360,612","305,807,693","19,939,236","4,818,592","613,926,133",PSEG,"24,539,413","14,957,295","908,281",NDA,"40,404,990"
Hightstown Boro,Mercer,Hightstown Boro Mercer,2022,JCPL,"15,518,082","24,647,163","2,098,661",NDA,"42,263,906",PSEG,"1,701,194","1,408,226","50,504",NDA,"3,159,925"
Hopewell Boro,Mercer,Hopewell Boro Mercer,2022,PSEG,"6,662,707","13,148,127","110,043","108,435","20,029,312",ETG,"1,252,015","393,640","910,024",NDA,"2,555,679"
Hopewell Twp,Mercer,Hopewell Twp (Mercer) Mercer,2022,PSEG/JCPL,"78,912,203","73,720,389","57,864,272","1,194,762","211,691,626",ETG/PSEG,"8,570,373","2,552,646","633,359",NDA,"11,756,378"
Lawrence Twp,Mercer,Lawrence Twp (Mercer) Mercer,2022,PSEG,"102,334,191","179,263,977","33,779,016","1,655,511","317,032,695",ETG/PSEG,"9,721,956","11,198,297","2,515,133",NDA,"23,435,386"
Pennington Boro,Mercer,Pennington Boro Mercer,2022,PSEG,"10,683,237","11,734,913","101,334","191,802","22,711,286",ETG,"2,122,097","1,178,264","7,247,465",NDA,"10,547,826"
Princeton,Mercer,Princeton Mercer,2022,PSEG,"96,330,062","132,472,070","526,638","1,765,961","231,094,731",PSEG,"9,296,678","18,528,658","50,574",NDA,"27,875,909"
Robbinsville Twp,Mercer,Robbinsville Twp Mercer,2022,PSEG/JCPL,"54,044,697","106,205,467","13,830","770,024","161,034,018",PSEG,"4,295,877","3,529,920","25,285",NDA,"7,851,082"
Trenton City,Mercer,Trenton City Mercer,2022,PSEG,"194,508,270","345,866,858","49,212,049","11,461,761","601,048,938",PSEG,"23,267,370","13,230,118","6,179,810","12,928","42,690,226"
West Windsor Twp,Mercer,West Windsor Twp Mercer,2022,PSEG/JCPL,"93,185,221","181,068,637","82,123,154","2,071,727","358,448,739",PSEG,"9,234,020","4,429,277","8,415",NDA,"13,671,713"
Carteret Boro,Middlesex,Carteret Boro Middlesex,2022,PSEG,"60,412,575","152,776,176","121,634,184","1,746,782","336,569,717",ETG/PSEG,"11,157,536","7,782,131","5,346,412",NDA,"24,286,079"
Cranbury Twp,Middlesex,Cranbury Twp Middlesex,2022,PSEG/JCPL,"17,526,584","124,707,830","4,696,660","338,827","147,269,901",PSEG,"1,540,813","5,525,068","141,600",NDA,"7,207,481"
Dunellen Boro,Middlesex,Dunellen Boro Middlesex,2022,PSEG,"18,913,870","9,001,811","702,485","428,996","29,047,162",PSEG,"2,062,727","786,294","9,770",NDA,"2,858,791"
East Brunswick Twp,Middlesex,East Brunswick Twp Middlesex,2022,PSEG/JCPL,"143,321,865","194,410,874","10,673,031","2,624,390","351,030,160",PSEG,"14,760,070","7,002,597","246,168",NDA,"22,008,835"
Edison Twp,Middlesex,Edison Twp Middlesex,2022,PSEG,"251,621,685","773,661,639","77,694,731","6,277,183","1,109,255,238",ETG/PSEG,"40,727,128","43,247,060","6,271,232",NDA,"90,245,420"
Helmetta Boro,Middlesex,Helmetta Boro Middlesex,2022,PSEG/JCPL,"7,927,161","1,652,748",960,NDA,"9,580,869",PSEG,"674,398","59,917",NDA,NDA,"734,314"
Highland Park Boro,Middlesex,Highland Park Boro Middlesex,2022,PSEG,"40,065,271","20,617,506","304,756","778,004","61,765,537",PSEG,"3,378,179","2,278,776","12,552",NDA,"5,669,507"
Jamesburg Boro,Middlesex,Jamesburg Boro Middlesex,2022,PSEG/JCPL,"20,729,504","10,839,615","153,301",NDA,"31,722,420",PSEG,"1,516,283","600,491","11,485",NDA,"2,128,260"
Metuchen Boro,Middlesex,Metuchen Boro Middlesex,2022,PSEG,"45,304,451","45,405,809","2,134,242","921,272","93,765,774",ETG/PSEG,"10,157,907","3,845,072","4,398,750",NDA,"18,401,729"
Middlesex Boro,Middlesex,Middlesex Boro Middlesex,2022,PSEG,"39,422,268","44,281,263","8,312,056","775,759","92,791,346",PSEG,"3,792,858","2,900,227","714,622",NDA,"7,407,707"
Milltown Boro,Middlesex,Milltown Boro Middlesex,2022,MEU/PSEG,"117,586",NDA,NDA,NDA,"117,586",PSEG,"2,378,201","647,389","25,674",NDA,"3,051,264"
Monroe Twp,Middlesex,Monroe Twp (Middlesex) Middlesex,2022,PSEG/JCPL,"236,820,330","160,050,827","35,146,869","6,216","432,024,242",NJNG/PSEG,"16,780,627","4,197,143","106,818",NDA,"21,084,588"
New Brunswick City,Middlesex,New Brunswick City Middlesex,2022,PSEG,"96,477,676","409,242,109","94,643,090","5,811,749","606,174,624",PSEG,"8,067,137","32,391,324","1,197,525",NDA,"41,655,986"
North Brunswick Twp,Middlesex,North Brunswick Twp Middlesex,2022,PSEG,"108,706,156","133,213,074","13,689,752","2,216,342","257,825,324",PSEG,"10,823,217","6,736,833","348,178",NDA,"17,908,229"
Old Bridge Twp,Middlesex,Old Bridge Twp Middlesex,2022,JCPL,"198,183,950","127,920,292","9,838,345",NDA,"335,942,587",NJNG/PSEG,"16,227,664","9,237,982","2,539,771",NDA,"28,005,417"
Perth Amboy City,Middlesex,Perth Amboy City Middlesex,2022,PSEG,"102,357,634","131,319,631","33,085,326","2,442,337","269,204,928",ETG/PSEG,"21,923,917","12,860,287","46,080,749",NDA,"80,864,953"
Piscataway Twp,Middlesex,Piscataway Twp Middlesex,2022,PSEG,"131,613,172","756,943,844","58,733,385","3,691,370","950,981,771",PSEG,"12,502,970","18,899,564","2,382,280",NDA,"33,784,815"
Plainsboro Twp,Middlesex,Plainsboro Twp Middlesex,2022,PSEG,"85,702,629","270,295,548","3,028,029","767,149","359,793,355",PSEG,"4,049,843","5,483,262","3,982,606",NDA,"13,515,710"
Sayreville Boro,Middlesex,Sayreville Boro Middlesex,2022,PSEG/JCPL,"126,156,376","110,603,377","328,269,849",NDA,"565,029,602",PSEG,"12,375,636","67,850,198","12,145,932",NDA,"92,371,766"
South Amboy City,Middlesex,South Amboy City Middlesex,2022,JCPL,"36,909,737","26,584,190","1,010,249",NDA,"64,504,176",PSEG,"2,911,846","810,327","145,681",NDA,"3,867,855"
South Brunswick Twp,Middlesex,South Brunswick Twp Middlesex,2022,PSEG/JCPL,"130,293,088","357,553,402","85,077,433","2,748,443","575,672,366",PSEG,"14,193,553","15,274,346","2,812,958",NDA,"32,280,857"
South Plainfield Boro,Middlesex,South Plainfield Boro Middlesex,2022,PSEG,"67,981,308","158,541,012","58,018,495","1,831,678","286,372,493",PSEG,"6,665,389","6,610,958","1,411,424",NDA,"14,687,771"
South River Boro,Middlesex,South River Boro Middlesex,2022,MEU,NDA,NDA,NDA,NDA,NDA,PSEG,"4,604,451","1,712,658","28,843",NDA,"6,345,951"
Spotswood Boro,Middlesex,Spotswood Boro Middlesex,2022,JCPL,"27,889,664","14,020,123","11,295,117",NDA,"53,204,904",PSEG,"2,130,835","721,257","875,499",NDA,"3,727,591"
Woodbridge Twp,Middlesex,Woodbridge Twp Middlesex,2022,PSEG,"263,497,765","406,564,222","184,095,891","6,370,255","860,528,133",ETG/PSEG,"48,942,578","28,984,170","185,489,669",NDA,"263,416,417"
Aberdeen Twp,Monmouth,Aberdeen Twp Monmouth,2022,JCPL,"60,787,253","28,622,655","850,328",NDA,"90,260,236",NJNG,"5,134,256","1,221,678",CWC,NDA,"6,355,934"
Allenhurst Boro,Monmouth,Allenhurst Boro Monmouth,2022,JCPL,"5,449,604","2,386,635","9,971",NDA,"7,846,210",NJNG,"511,654","77,882",CWC,NDA,"589,536"
Allentown Boro,Monmouth,Allentown Boro Monmouth,2022,PSEG,"6,685,379","5,193,244","23,646","151,563","12,053,832",PSEG,"547,904","269,901","6,589",NDA,"824,394"
Asbury Park City,Monmouth,Asbury Park City Monmouth,2022,JCPL,"39,277,392","58,214,054","2,205,040",NDA,"99,696,486",NJNG,"3,040,916","4,031,523",CWC,NDA,"7,072,439"
Atlantic Highlands Boro,Monmouth,Atlantic Highlands Boro Monmouth,2022,JCPL,"19,182,769","10,520,378","147,364",NDA,"29,850,511",NJNG,"1,649,865","567,979",CWC,NDA,"2,217,844"
Avon-by-the-sea Boro,Monmouth,Avon-by-the-sea Boro Monmouth,2022,JCPL,"9,587,172","2,577,494","144,602",NDA,"12,309,268",NJNG,"938,551","182,240",CWC,NDA,"1,120,791"
Belmar Boro,Monmouth,Belmar Boro Monmouth,2022,JCPL,"26,478,167","16,951,894","527,894",NDA,"43,957,955",NJNG,"2,094,984","929,232",CWC,NDA,"3,024,216"
Bradley Beach Boro,Monmouth,Bradley Beach Boro Monmouth,2022,JCPL,"17,155,706","7,714,821","97,395",NDA,"24,967,922",NJNG,"1,503,049","511,609",CWC,NDA,"2,014,658"
Brielle Boro,Monmouth,Brielle Boro Monmouth,2022,JCPL,"26,323,062","7,752,717",NDA,NDA,"34,075,779",NJNG,"2,140,017","401,365",CWC,NDA,"2,541,382"
Colts Neck Twp,Monmouth,Colts Neck Twp Monmouth,2022,JCPL,"67,925,401","22,515,849","10,355,438",NDA,"100,796,688",NJNG,"5,579,816","1,169,213",CWC,NDA,"6,749,029"
Deal Boro,Monmouth,Deal Boro Monmouth,2022,JCPL,"19,568,123","4,691,306",NDA,NDA,"24,259,429",NJNG,"1,488,733","252,763",CWC,NDA,"1,741,496"
Eatontown Boro,Monmouth,Eatontown Boro Monmouth,2022,JCPL,"47,797,701","117,538,971","2,727,792",NDA,"168,064,464",NJNG,"2,638,236","3,009,468",CWC,NDA,"5,647,704"
Englishtown Boro,Monmouth,Englishtown Boro Monmouth,2022,JCPL,"9,172,046","10,060,774","27,880",NDA,"19,260,700",NJNG,"639,297","425,068",CWC,NDA,"1,064,365"
Fair Haven Boro,Monmouth,Fair Haven Boro Monmouth,2022,JCPL,"27,121,625","6,413,891",NDA,NDA,"33,535,516",NJNG,"2,457,283","274,771",CWC,NDA,"2,732,054"
Farmingdale Boro,Monmouth,Farmingdale Boro Monmouth,2022,JCPL,"5,699,255","7,162,088","76,129",NDA,"12,937,472",NJNG,"414,695","232,778",CWC,NDA,"647,473"
Freehold Boro,Monmouth,Freehold Boro Monmouth,2022,JCPL,"28,964,028","41,370,549","55,261,844",NDA,"125,596,421",NJNG,"2,601,595","8,801,383",CWC,NDA,"11,402,978"
Freehold Twp,Monmouth,Freehold Twp Monmouth,2022,JCPL,"137,510,378","173,071,706","22,211,292",NDA,"332,793,376",NJNG,"11,224,014","5,948,594",CWC,NDA,"17,172,608"
Hazlet Twp,Monmouth,Hazlet Twp Monmouth,2022,JCPL,"61,048,873","44,264,045","5,291,788",NDA,"110,604,706",NJNG,"5,529,966","2,018,443",CWC,NDA,"7,548,409"
Highlands Boro,Monmouth,Highlands Boro Monmouth,2022,JCPL,"19,471,968","12,712,783","14,090",NDA,"32,198,841",NJNG,"1,010,303","337,149",CWC,NDA,"1,347,452"
Holmdel Twp,Monmouth,Holmdel Twp Monmouth,2022,JCPL,"81,553,956","85,095,612","14,211,720",NDA,"180,861,288",NJNG,"7,502,107","2,577,587",CWC,NDA,"10,079,694"
Howell Twp,Monmouth,Howell Twp Monmouth,2022,JCPL,"191,240,013","116,057,823","5,067,589",NDA,"312,365,425",NJNG,"14,306,615","6,756,170",CWC,NDA,"21,062,785"
Interlaken Boro,Monmouth,Interlaken Boro Monmouth,2022,JCPL,"4,748,666","191,441",NDA,NDA,"4,940,107",NJNG,"540,310","3,691",CWC,NDA,"544,001"
Keansburg Boro,Monmouth,Keansburg Boro Monmouth,2022,JCPL,"28,158,616","14,424,220","1,211,258",NDA,"43,794,094",NJNG,"2,437,144","658,455",CWC,NDA,"3,095,599"
Keyport Boro,Monmouth,Keyport Boro Monmouth,2022,JCPL,"22,321,008","20,800,669","242,338",NDA,"43,364,015",NJNG,"1,781,687","947,530",CWC,NDA,"2,729,217"
Lake Como Boro,Monmouth,Lake Como Boro Monmouth,2022,JCPL,"5,744,539","2,684,862","8,704",NDA,"8,438,105",NJNG,"565,819","106,104",CWC,NDA,"671,923"
Little Silver Boro,Monmouth,Little Silver Boro Monmouth,2022,JCPL,"30,044,210","15,668,832","59,491",NDA,"45,772,533",NJNG,"2,749,802","559,142",CWC,NDA,"3,308,944"
Loch Arbour Village,Monmouth,Loch Arbour Village Monmouth,2022,JCPL,"1,956,868","191,580",NDA,NDA,"2,148,448",NJNG,"189,537","30,002",CWC,NDA,"219,539"
Long Branch City,Monmouth,Long Branch City Monmouth,2022,JCPL,"103,713,841","101,516,929","892,644",NDA,"206,123,414",NJNG,"8,220,622","5,580,409",CWC,NDA,"13,801,031"
Manalapan Twp,Monmouth,Manalapan Twp Monmouth,2022,JCPL,"159,515,830","77,409,936","8,481,804",NDA,"245,407,570",NJNG,"12,743,766","2,251,148",CWC,NDA,"14,994,914"
Manasquan Boro,Monmouth,Manasquan Boro Monmouth,2022,JCPL,"30,191,355","15,003,853","450,044",NDA,"45,645,252",NJNG,"2,564,320","590,870",CWC,NDA,"3,155,190"
Marlboro Twp,Monmouth,Marlboro Twp Monmouth,2022,JCPL,"168,673,046","72,370,857","4,106,604",NDA,"245,150,507",NJNG,"15,799,812","2,915,268",CWC,NDA,"18,715,080"
Matawan Boro,Monmouth,Matawan Boro Monmouth,2022,JCPL,"37,529,568","21,564,888","3,815,493",NDA,"62,909,949",NJNG,"2,338,732","1,466,136",CWC,NDA,"3,804,868"
Middletown Twp,Monmouth,Middletown Twp Monmouth,2022,JCPL,"270,598,238","284,407,706","13,513,682",NDA,"568,519,626",NJNG,"21,976,306","6,014,054",CWC,NDA,"27,990,360"
Millstone Twp,Monmouth,Millstone Twp Monmouth,2022,JCPL,"56,291,028","17,974,591","282,693",NDA,"74,548,312",PSEG,"4,917,912","1,591,890","34,593",NDA,"6,544,394"
Monmouth Beach Boro,Monmouth,Monmouth Beach Boro Monmouth,2022,JCPL,"21,569,548","5,572,699","6,189,838",NDA,"33,332,085",NJNG,"1,412,313","369,621",CWC,NDA,"1,781,934"
Neptune City Boro,Monmouth,Neptune City Boro Monmouth,2022,JCPL,"15,052,220","39,936,474",NDA,NDA,"54,988,694",NJNG,"1,102,693","941,611",CWC,NDA,"2,044,304"
Neptune Twp,Monmouth,Neptune Twp Monmouth,2022,JCPL,"93,829,997","132,038,666","14,884,015",NDA,"240,752,678",NJNG,"8,048,697","4,563,304",CWC,NDA,"12,612,001"
Ocean Twp,Monmouth,Ocean Twp (Monmouth) Monmouth,2022,JCPL,"111,158,325","77,520,646","1,017,608",NDA,"189,696,579",NJNG,"9,086,547","4,396,028",CWC,NDA,"13,482,575"
Oceanport Boro,Monmouth,Oceanport Boro Monmouth,2022,JCPL,"24,171,080","9,855,752","8,951,597",NDA,"42,978,429",NJNG,"2,329,519","378,367",CWC,NDA,"2,707,886"
Red Bank Boro,Monmouth,Red Bank Boro Monmouth,2022,JCPL,"38,131,255","85,015,828","25,556,074",NDA,"148,703,157",NJNG,"2,882,611","3,816,959",CWC,NDA,"6,699,570"
Roosevelt Boro,Monmouth,Roosevelt Boro Monmouth,2022,JCPL,"3,087,352","644,923","64,248",NDA,"3,796,523",PSEG,"304,281","27,147",NDA,NDA,"331,428"
Rumson Boro,Monmouth,Rumson Boro Monmouth,2022,JCPL,"49,746,362","11,161,564",NDA,NDA,"60,907,926",NJNG,"4,567,498","416,041",CWC,NDA,"4,983,539"
Sea Bright Boro,Monmouth,Sea Bright Boro Monmouth,2022,JCPL,"9,387,326","7,178,489",NDA,NDA,"16,565,815",NJNG,"592,557","316,408",CWC,NDA,"908,965"
Sea Girt Boro,Monmouth,Sea Girt Boro Monmouth,2022,JCPL,"16,445,421","4,622,965",NDA,NDA,"21,068,386",NJNG,"1,435,896","285,864",CWC,NDA,"1,721,760"
Shrewsbury Boro,Monmouth,Shrewsbury Boro Monmouth,2022,JCPL,"16,674,413","28,437,785","1,202,181",NDA,"46,314,379",NJNG,"1,597,517","997,061",CWC,NDA,"2,594,578"
Shrewsbury Twp,Monmouth,Shrewsbury Twp Monmouth,2022,JCPL,"1,433,830","5,530,162",NDA,NDA,"6,963,992",NJNG,"177,951","101,383",CWC,NDA,"279,334"
Spring Lake Boro,Monmouth,Spring Lake Boro Monmouth,2022,JCPL,"24,599,011","10,792,265",NDA,NDA,"35,391,276",NJNG,"2,253,401","431,599",CWC,NDA,"2,685,000"
Spring Lake Heights Boro,Monmouth,Spring Lake Heights Boro Monmouth,2022,JCPL,"21,439,526","7,316,359",NDA,NDA,"28,755,885",NJNG,"1,490,477","569,462",CWC,NDA,"2,059,939"
Tinton Falls Boro,Monmouth,Tinton Falls Boro Monmouth,2022,JCPL,"61,064,095","103,563,975","7,818,951",NDA,"172,447,021",NJNG,"5,402,149","3,943,728",CWC,NDA,"9,345,877"
Union Beach Boro,Monmouth,Union Beach Boro Monmouth,2022,JCPL,"19,236,228","3,880,901","8,952,437",NDA,"32,069,566",NJNG,"1,709,199","671,045",CWC,NDA,"2,380,244"
Upper Freehold Twp,Monmouth,Upper Freehold Twp Monmouth,2022,PSEG/JCPL,"36,075,107","11,194,544","162,766","58,671","47,491,088",PSEG,"2,242,466","909,720",NDA,NDA,"3,152,186"
Wall Twp,Monmouth,Wall Twp Monmouth,2022,JCPL,"111,350,872","153,457,796","16,829,228",NDA,"281,637,896",NJNG,"9,680,515","4,442,841",CWC,NDA,"14,123,356"
West Long Branch Boro,Monmouth,West Long Branch Boro Monmouth,2022,JCPL,"29,720,540","47,883,116",NDA,NDA,"77,603,656",NJNG,"2,655,546","2,059,682",CWC,NDA,"4,715,228"
Boonton Town,Morris,Boonton Town Morris,2022,JCPL,"27,181,457","23,527,264","1,471,953",NDA,"52,180,674",NJNG,"2,774,158","1,529,056",CWC,NDA,"4,303,214"
Boonton Twp,Morris,Boonton Twp Morris,2022,JCPL,"22,718,896","21,061,666","13,225,152",NDA,"57,005,714",NJNG,"756,658","673,217",CWC,NDA,"1,429,875"
Butler Boro,Morris,Butler Boro Morris,2022,MEU/JCPL,"10,657","133,841,400","929,115",NDA,"134,781,172",PSEG,"2,728,764","1,014,890","205,602",NDA,"3,949,256"
Chatham Boro,Morris,Chatham Boro Morris,2022,JCPL,"30,271,754","19,024,484","376,368",NDA,"49,672,606",PSEG,"3,368,736","1,204,935","47,750",NDA,"4,621,421"
Chatham Twp,Morris,Chatham Twp Morris,2022,JCPL,"46,135,959","17,023,112","1,519,475",NDA,"64,678,546",PSEG,"4,476,643","821,211","5,249",NDA,"5,303,103"
Chester Boro,Morris,Chester Boro Morris,2022,JCPL,"7,516,891","18,653,372","119,373",NDA,"26,289,636",PSEG,"896,220","827,173","3,507",NDA,"1,726,900"
Chester Twp,Morris,Chester Twp Morris,2022,JCPL,"43,323,772","11,672,678","9,446",NDA,"55,005,896",PSEG,"3,317,776","271,949",NDA,NDA,"3,589,725"
Denville Twp,Morris,Denville Twp Morris,2022,JCPL,"63,442,256","74,814,878","2,309,833",NDA,"140,566,967",NJNG/PSEG,"5,282,187","4,193,587",CWC + NDA,NDA,"9,475,774"
Dover Town,Morris,Dover Town Morris,2022,JCPL,"40,718,652","45,844,138","8,646,492",NDA,"95,209,282",NJNG,"4,106,715","2,828,205",CWC,NDA,"6,934,920"
East Hanover Twp,Morris,East Hanover Twp Morris,2022,JCPL,"41,524,957","73,705,040","100,388,299",NDA,"215,618,296",PSEG,"4,998,911","3,610,924","1,417,326",NDA,"10,027,161"
Florham Park Boro,Morris,Florham Park Boro Morris,2022,JCPL,"46,348,220","136,783,879","15,626,608",NDA,"198,758,707",PSEG,"4,811,824","2,571,714","771,989",NDA,"8,155,526"
Hanover Twp,Morris,Hanover Twp Morris,2022,JCPL,"51,557,927","116,988,382","66,147,411",NDA,"234,693,720",PSEG,"5,568,012","4,811,692","2,514,743",NDA,"12,894,447"
Harding Twp,Morris,Harding Twp Morris,2022,JCPL,"33,699,506","13,235,179","226,463",NDA,"47,161,148",PSEG,"3,352,306","191,372",NDA,NDA,"3,543,678"
Jefferson Twp,Morris,Jefferson Twp Morris,2022,JCPL,"86,671,583","29,881,039","5,060,667",NDA,"121,613,289",NJNG/PSEG,"1,966,224","767,960",CWC + NDA,NDA,"2,734,184"
Kinnelon Boro,Morris,Kinnelon Boro Morris,2022,JCPL/ACE,"1,472,707","78,378",NDA,NDA,"1,551,085",NJNG/PSEG,"3,446,679","560,795",CWC + NDA,NDA,"4,007,474"
Lincoln Park Boro,Morris,Lincoln Park Boro Morris,2022,PSEG/JCPL,"32,564,735","24,922,478","7,755,257","11,623","65,254,093",NJNG,"2,941,990","1,231,791",CWC,NDA,"4,173,781"
Long Hill Twp,Morris,Long Hill Twp Morris,2022,JCPL,"34,801,511","19,416,513","1,777,917",NDA,"55,995,941",PSEG,"3,246,344","810,666","97,303",NDA,"4,154,313"
Madison Boro,Morris,Madison Boro Morris,2022,MEU/JCPL,"6,566","4,200",NDA,NDA,"10,766",PSEG,"5,943,397","3,102,660","89,494",NDA,"9,135,551"
Mendham Boro,Morris,Mendham Boro Morris,2022,JCPL,"25,259,465","12,005,268","692,508",NDA,"37,957,241",PSEG,"2,892,572","654,320","1,720",NDA,"3,548,613"
Mendham Twp,Morris,Mendham Twp Morris,2022,JCPL,"39,652,616","4,421,334","1,016,838",NDA,"45,090,788",PSEG,"3,983,680","276,704","1,359",NDA,"4,261,743"
Mine Hill Twp,Morris,Mine Hill Twp Morris,2022,JCPL,"13,504,029","4,351,114","393,120",NDA,"18,248,263",NJNG,"863,412","254,221",CWC,NDA,"1,117,633"
Montville Twp,Morris,Montville Twp Morris,2022,JCPL,"93,797,772","82,300,658","17,023,013",NDA,"193,121,443",NJNG/PSEG,"8,098,898","2,772,643",CWC + NDA,NDA,"10,871,541"
Morris Plains Boro,Morris,Morris Plains Boro Morris,2022,JCPL,"21,371,024","58,155,612","7,184,091",NDA,"86,710,727",PSEG,"2,424,272","1,374,356","12,470",NDA,"3,811,098"
Morris Twp,Morris,Morris Twp Morris,2022,JCPL,"88,502,695","76,347,820","6,319,897",NDA,"171,170,412",PSEG,"9,722,892","2,799,191","437,269","17,378","12,976,730"
Morristown Town,Morris,Morristown Town Morris,2022,PSEG/JCPL,"65,785,366","167,709,764","1,352,315",NDA,"234,847,445",PSEG,"4,963,939","9,622,015","87,094",504,"14,673,552"
Mount Arlington Boro,Morris,Mount Arlington Boro Morris,2022,JCPL,"21,274,885","11,694,600","183,503",NDA,"33,152,988",NJNG,"1,161,520","1,045,789",CWC,NDA,"2,207,309"
Mount Olive Twp,Morris,Mount Olive Twp Morris,2022,JCPL,"93,337,913","119,594,474","29,223,345",NDA,"242,155,732",ETG/NJNG,"8,754,389","7,873,153",CWC + NDA,NDA,"16,627,542"
Mountain Lakes Boro,Morris,Mountain Lakes Boro Morris,2022,JCPL,"20,283,989","11,722,975","4,017,170",NDA,"36,024,134",NJNG,"2,289,841","494,378",CWC,NDA,"2,784,219"
Netcong Boro,Morris,Netcong Boro Morris,2022,JCPL,"10,875,544","7,770,944","381,218",NDA,"19,027,706",NJNG,"480,395","865,835",CWC,NDA,"1,346,230"
Parsippany-Troy Hills Twp,Morris,Parsippany-Troy Hills Twp Morris,2022,JCPL,"153,672,459","389,632,445","52,352,579",NDA,"595,657,483",NJNG/PSEG,"12,829,642","11,926,645","147,989",NDA,"24,904,276"
Pequannock Twp,Morris,Pequannock Twp Morris,2022,JCPL,"50,018,498","40,521,440","20,848,650",NDA,"111,388,588",PSEG,"5,362,398","3,569,791","74,589",NDA,"9,006,778"
Randolph Twp,Morris,Randolph Twp Morris,2022,JCPL,"97,239,335","63,485,514","1,657,130",NDA,"162,381,979",NJNG/PSEG,"8,770,139","3,796,768",-3,NDA,"12,566,904"
Riverdale Boro,Morris,Riverdale Boro Morris,2022,JCPL,"14,289,170","21,534,021","4,585,952",NDA,"40,409,143",PSEG,"1,258,083","810,026","1,260,677",NDA,"3,328,786"
Rockaway Boro,Morris,Rockaway Boro Morris,2022,JCPL,"20,692,940","24,753,036","8,787,053",NDA,"54,233,029",NJNG,"1,660,968","3,316,433",CWC,NDA,"4,977,401"
Rockaway Twp,Morris,Rockaway Twp Morris,2022,JCPL,"93,960,601","91,983,814","131,651,257",NDA,"317,595,672",NJNG,"5,109,026","9,848,498",CWC,NDA,"14,957,524"
Roxbury Twp,Morris,Roxbury Twp Morris,2022,JCPL,"83,211,046","92,723,304","9,094,114",NDA,"185,028,464",NJNG,"6,277,399","2,972,433",CWC,NDA,"9,249,832"
Victory Gardens Boro,Morris,Victory Gardens Boro Morris,2022,JCPL,"3,610,960","1,711,229",NDA,NDA,"5,322,189",NJNG,"300,408","85,154",CWC,NDA,"385,562"
Washington Twp,Morris,Washington Twp (Morris) Morris,2022,JCPL,"79,544,371","22,287,549","15,326,671",NDA,"117,158,591",ETG,"8,642,657","1,880,850",NDA,NDA,"10,523,507"
Wharton Boro,Morris,Wharton Boro Morris,2022,JCPL,"21,519,805","32,586,972","12,227,917",NDA,"66,334,694",NJNG,"1,504,298","4,567,310",CWC,NDA,"6,071,608"
Barnegat Light Boro,Ocean,Barnegat Light Boro Ocean,2022,ACE,"9,063,538","3,775,749",NDA,"69,855","12,909,142",NJNG,"554,692","101,504",CWC,NDA,"656,196"
Barnegat Twp,Ocean,Barnegat Twp Ocean,2022,JCPL/ACE,"96,107,665","28,381,304","500,966","370,453","125,360,388",NJNG,"8,116,258","790,983",CWC,NDA,"8,907,241"
Bay Head Boro,Ocean,Bay Head Boro Ocean,2022,JCPL,"10,770,521","3,644,237","4,050,456",NDA,"18,465,214",NJNG,"950,799","139,406",CWC,NDA,"1,090,205"
Beach Haven Boro,Ocean,Beach Haven Boro Ocean,2022,ACE,"34,678,606","14,560,944",NDA,"227,532","49,467,082",NJNG,"1,014,090","374,278",CWC,NDA,"1,388,368"
Beachwood Boro,Ocean,Beachwood Boro Ocean,2022,JCPL,"37,192,457","6,949,798","278,237",NDA,"44,420,492",NJNG,"2,700,424","216,306",CWC,NDA,"2,916,730"
Berkeley Twp,Ocean,Berkeley Twp Ocean,2022,JCPL,"166,484,029","44,662,734","18,529,756",NDA,"229,676,519",NJNG,"18,305,010","3,284,840",CWC,NDA,"21,589,850"
Brick Twp,Ocean,Brick Twp Ocean,2022,JCPL,"298,982,617","147,570,926","16,005,849",NDA,"462,559,392",NJNG,"20,992,505","5,792,664",CWC,NDA,"26,785,169"
Eagleswood Twp,Ocean,Eagleswood Twp Ocean,2022,ACE,"8,366,060","3,798,820","5,180,496","71,802","17,417,178",NJNG,"511,696","123,651",CWC,NDA,"635,347"
Harvey Cedars Boro,Ocean,Harvey Cedars Boro Ocean,2022,ACE,"9,264,890","1,899,461",NDA,"75,644","11,239,995",NJNG,"567,627","90,965",CWC,NDA,"658,592"
Island Heights Boro,Ocean,Island Heights Boro Ocean,2022,JCPL,"7,811,216","2,051,778","1,867",NDA,"9,864,861",NJNG,"716,188","103,142",CWC,NDA,"819,330"
Jackson Twp,Ocean,Jackson Twp Ocean,2022,JCPL,"218,678,044","88,499,922","1,785,954",NDA,"308,963,920",NJNG/PSEG,"16,576,550","3,707,029",CWC + NDA,NDA,"20,283,579"
Lacey Twp,Ocean,Lacey Twp Ocean,2022,JCPL,"117,243,998","62,597,444","1,716,104",NDA,"181,557,546",NJNG,"9,636,123","1,437,989",CWC,NDA,"11,074,112"
Lakehurst Boro,Ocean,Lakehurst Boro Ocean,2022,JCPL,"8,087,363","11,545,025",NDA,NDA,"19,632,388",NJNG,"1,203,225","2,225,623",CWC,NDA,"3,428,848"
Lakewood Twp,Ocean,Lakewood Twp Ocean,2022,JCPL,"357,737,307","316,657,389","18,269,431",NDA,"692,664,127",NJNG,"19,995,227","31,046,184",CWC,NDA,"51,041,411"
Lavallette Boro,Ocean,Lavallette Boro Ocean,2022,MEU/JCPL,"6,305,632","18,820,991",NDA,NDA,"25,126,623",NJNG,"1,606,594","222,281",CWC,NDA,"1,828,875"
Little Egg Harbor Twp,Ocean,Little Egg Harbor Twp Ocean,2022,ACE,"64,704,372","19,871,202","5,043","1,059,706","85,640,323",NJNG,"6,183,066","817,225",CWC,NDA,"7,000,291"
Long Beach Twp,Ocean,Long Beach Twp Ocean,2022,ACE,"52,217,324","8,492,935","8,595","1,037,084","61,755,938",NJNG,"4,295,456","280,416",CWC,NDA,"4,575,872"
Manchester Twp,Ocean,Manchester Twp Ocean,2022,JCPL,"257,857,060","70,999,619","17,096,023",NDA,"345,952,702",NJNG,"9,344,828","1,473,683",CWC,NDA,"10,818,511"
Mantoloking Boro,Ocean,Mantoloking Boro Ocean,2022,JCPL,"8,536,901","454,308","21,672",NDA,"9,012,881",NJNG,"2,287,545","69,132",CWC,NDA,"2,356,677"
Ocean Gate Boro,Ocean,Ocean Gate Boro Ocean,2022,JCPL,"9,243,827","1,449,346","140,908",NDA,"10,834,081",NJNG,"734,044","74,459",CWC,NDA,"808,503"
Ocean Twp,Ocean,Ocean Twp (Ocean) Ocean,2022,JCPL/ACE,"37,789,722","19,665,452","39,773","5,289","57,500,236",NJNG,"3,291,437","390,042",CWC,NDA,"3,681,479"
Pine Beach Boro,Ocean,Pine Beach Boro Ocean,2022,JCPL,"8,909,899","1,714,019","61,040",NDA,"10,684,958",NJNG,"856,879","76,493",CWC,NDA,"933,372"
Plumsted Twp,Ocean,Plumsted Twp Ocean,2022,JCPL,"37,859,380","15,802,661","85,974",NDA,"53,748,015",PSEG,"1,354,295","383,959",NDA,NDA,"1,738,254"
Point Pleasant Beach Boro,Ocean,Point Pleasant Beach Boro Ocean,2022,JCPL,"25,830,828","26,607,755","350,720",NDA,"52,789,303",NJNG,"2,187,195","1,167,751",CWC,NDA,"3,354,946"
Point Pleasant Boro,Ocean,Point Pleasant Boro Ocean,2022,JCPL,"74,656,550","29,173,399","438,104",NDA,"104,268,053",NJNG,"6,429,090","1,028,558",CWC,NDA,"7,457,648"
Seaside Heights Boro,Ocean,Seaside Heights Boro Ocean,2022,MEU/JCPL,"243,951","20,180",NDA,NDA,"264,131",NJNG,"909,803","432,139",CWC,NDA,"1,341,942"
Seaside Park Boro,Ocean,Seaside Park Boro Ocean,2022,JCPL,"14,798,753","5,561,275","6,220",NDA,"20,366,248",NJNG,"1,133,763","147,602",CWC,NDA,"1,281,365"
Ship Bottom Boro,Ocean,Ship Bottom Boro Ocean,2022,ACE,"13,075,339","8,318,817","9,003","318,772","21,721,931",NJNG,"789,119","328,401",CWC,NDA,"1,117,520"
South Toms River Boro,Ocean,South Toms River Boro Ocean,2022,JCPL,"10,220,401","6,190,785","1,861,430",NDA,"18,272,616",NJNG,"856,131","192,199",CWC,NDA,"1,048,330"
Stafford Twp,Ocean,Stafford Twp Ocean,2022,ACE,"119,708,020","94,368,642","180,563","1,677,079","215,934,304",NJNG,"9,350,048","2,755,380",CWC,NDA,"12,105,428"
Surf City Boro,Ocean,Surf City Boro Ocean,2022,ACE,"16,218,937","5,031,369",NDA,"109,751","21,360,057",NJNG,"949,327","122,563",CWC,NDA,"1,071,890"
Toms River Twp,Ocean,Toms River Twp Ocean,2022,JCPL,"391,403,578","283,463,620","7,223,670",NDA,"682,090,868",NJNG,"30,868,980","9,789,122",CWC,NDA,"40,658,102"
Tuckerton Boro,Ocean,Tuckerton Boro Ocean,2022,ACE,"26,898,183","21,709,988","909,065","161,702","49,678,938",NJNG,"1,033,862","275,643",CWC,NDA,"1,309,505"
Bloomingdale Boro,Passaic,Bloomingdale Boro Passaic,2022,JCPL,"188,269",NDA,NDA,NDA,"188,269",PSEG,"2,315,710","414,299","16,029",NDA,"2,746,039"
Clifton City,Passaic,Clifton City Passaic,2022,PSEG,"208,163,055","343,317,912","81,407,226","4,209,792","637,097,985",PSEG,"24,512,056","13,221,207","2,095,282",NDA,"39,828,545"
Haledon Boro,Passaic,Haledon Boro Passaic,2022,PSEG,"19,068,438","13,351,975","9,628,640","549,345","42,598,398",PSEG,"2,487,520","2,720,502","612,026",NDA,"5,820,048"
Hawthorne Boro,Passaic,Hawthorne Boro Passaic,2022,PSEG,"56,177,900","36,026,516","13,836,558","849,156","106,890,130",PSEG,"6,729,304","1,923,396","251,810",NDA,"8,904,511"
Little Falls Twp,Passaic,Little Falls Twp Passaic,2022,PSEG,"37,551,461","49,343,416","2,009,156","780,456","89,684,489",PSEG,"3,656,698","8,637,054","84,223",NDA,"12,377,975"
North Haledon Boro,Passaic,North Haledon Boro Passaic,2022,PSEG,"31,703,852","12,387,161","186,594","328,088","44,605,695",PSEG,"3,800,408","805,928","2,590",NDA,"4,608,926"
Passaic City,Passaic,Passaic City Passaic,2022,PSEG,"119,370,380","138,967,673","17,287,745","5,403,949","281,029,747",PSEG,"12,695,826","9,415,450","629,464",NDA,"22,740,740"
Paterson City,Passaic,Paterson City Passaic,2022,PSEG/ACE,"290,669,430","384,374,890","44,331,458","16,557,521","735,933,299",PSEG,"35,823,891","25,621,774","2,815,405",NDA,"64,261,070"
Pompton Lakes Boro,Passaic,Pompton Lakes Boro Passaic,2022,JCPL,"36,240,233","17,288,885","7,028,209",NDA,"60,557,327",PSEG,"3,566,201","927,233","738,417",NDA,"5,231,851"
Prospect Park Boro,Passaic,Prospect Park Boro Passaic,2022,PSEG,"12,775,965","3,801,676","261,941","156,823","16,996,405",PSEG,"1,795,453","206,712","23,912",NDA,"2,026,077"
Ringwood Boro,Passaic,Ringwood Boro Passaic,2022,RECO/JCPL,"11,989,942","3,566,372","769,104",NDA,"16,325,418",PSEG,"3,858,229","673,001","6,610",NDA,"4,537,840"
Totowa Boro,Passaic,Totowa Boro Passaic,2022,PSEG,"35,855,844","147,128,472","64,763,199","849,400","248,596,915",PSEG,"4,246,621","3,831,405","1,183,576",NDA,"9,261,602"
Wanaque Boro,Passaic,Wanaque Boro Passaic,2022,JCPL,"35,363,404","19,376,926","21,111,498",NDA,"75,851,828",PSEG,"3,636,011","1,335,962","128,481",NDA,"5,100,455"
Wayne Twp,Passaic,Wayne Twp Passaic,2022,PSEG/JCPL,"182,580,116","296,178,166","56,612,623","2,070,123","537,441,028",PSEG,"19,962,386","11,149,095","524,029",NDA,"31,635,510"
West Milford Twp,Passaic,West Milford Twp Passaic,2022,RECO/JCPL,"15,077,579","7,224,440","3,309,198",NDA,"25,611,217",PSEG,"5,854,567","1,202,098","32,057",NDA,"7,088,723"
Woodland Park Boro,Passaic,Woodland Park Boro Passaic,2022,PSEG,"38,314,842","36,467,306","1,081,160","630,911","76,494,219",PSEG,"3,720,366","2,073,149","59,674",NDA,"5,853,190"
Alloway Twp,Salem,Alloway Twp Salem,2022,ACE,"11,382,398","2,795,623",NDA,"93,150","14,271,171",SJG,"30,429","2,952",NDA,NDA,"33,381"
Carneys Point Twp,Salem,Carneys Point Twp Salem,2022,ACE,"20,331,625","66,434,923","298,125","326,893","87,391,566",SJG,"2,553,148","1,835,490","3,331,565",NDA,"7,720,203"
Elmer Boro,Salem,Elmer Boro Salem,2022,ACE,"31,225,057","14,023,309","469,651","75,337","45,793,354",SJG,"673,559","969,198","33,956",NDA,"1,676,713"
Elsinboro Twp,Salem,Elsinboro Twp Salem,2022,ACE,"212,356","8,318",NDA,"27,270","247,944",SJG,714,NDA,NDA,NDA,714
Lower Alloways Creek Twp,Salem,Lower Alloways Creek Twp Salem,2022,ACE,"2,069,818","496,224","4,225","101,467","2,671,734",NDA,NDA,NDA,NDA,NDA,NDA
Mannington Twp,Salem,Mannington Twp Salem,2022,ACE,"4,203,594","5,959,305",200,"52,481","10,215,580",SJG,"104,523","792,693","2,892,577",NDA,"3,789,794"
Oldmans Twp,Salem,Oldmans Twp Salem,2022,ACE,"7,335,787","75,254,896","31,167,044","68,611","113,826,338",SJG,"499,212","817,587","15,147,849",NDA,"16,464,648"
Penns Grove Boro,Salem,Penns Grove Boro Salem,2022,ACE,"24,003,773","23,680,751","232,058","261,171","48,177,753",SJG,"2,405,093","2,459,712",NDA,NDA,"4,864,804"
Pennsville Twp,Salem,Pennsville Twp Salem,2022,ACE,"50,423,809","25,302,388","15,038,423","606,898","91,371,518",SJG,"4,672,147","4,350,339","3,506,503",NDA,"12,528,988"
Pilesgrove Twp,Salem,Pilesgrove Twp Salem,2022,ACE,"4,030,621","1,750,429",NDA,"50,809","5,831,859",SJG,"923,271","858,108",NDA,NDA,"1,781,379"
Pittsgrove Twp,Salem,Pittsgrove Twp Salem,2022,ACE,"13,374,900","7,781,149","4,611,524","57,874","25,825,447",SJG,"3,011,554","1,036,991","516,226",NDA,"4,564,771"
Quinton Twp,Salem,Quinton Twp Salem,2022,ACE,"8,042,743","2,834,043","193,373","68,986","11,139,145",SJG,"15,382",NDA,NDA,NDA,"15,382"
Salem City,Salem,Salem City Salem,2022,ACE,"32,291,498","29,449,741","16,647,294","428,617","78,817,150",SJG,"1,638,163","1,205,287","5,785,154",NDA,"8,628,604"
Upper Pittsgrove Twp,Salem,Upper Pittsgrove Twp Salem,2022,ACE,"14,202,761","11,881,599","2,618,476","2,750","28,705,586",SJG,"525,994","254,253",NDA,NDA,"780,247"
Woodstown Boro,Salem,Woodstown Boro Salem,2022,ACE,"30,334,207","18,892,925","186,344","117,491","49,530,967",SJG,"1,571,851","6,009,318","1,873",NDA,"7,583,041"
Bedminster Twp,Somerset,Bedminster Twp Somerset,2022,JCPL,"32,371,453","69,973,940","526,799",NDA,"102,872,192",PSEG,"2,176,451","724,030",NDA,NDA,"2,900,481"
Bernards Twp,Somerset,Bernards Twp Somerset,2022,PSEG/JCPL,"115,360,540","127,805,083","5,768,351",NDA,"248,933,974",PSEG,"11,179,609","5,182,277","45,042",NDA,"16,406,928"
Bernardsville Boro,Somerset,Bernardsville Boro Somerset,2022,JCPL,"47,310,675","22,134,264","11,124,658",NDA,"80,569,597",PSEG,"4,028,470","1,027,979","327,245",NDA,"5,383,694"
Bound Brook Boro,Somerset,Bound Brook Boro Somerset,2022,PSEG,"28,338,423","22,719,580","2,220,043","827,074","54,105,120",PSEG,"2,757,276","1,307,900","82,439",NDA,"4,147,615"
Branchburg Twp,Somerset,Branchburg Twp Somerset,2022,PSEG/JCPL,"59,479,308","200,236,882","62,358,830","29,637","322,104,657",PSEG,"5,554,365","7,710,176","1,005,076",NDA,"14,269,617"
Bridgewater Twp,Somerset,Bridgewater Twp Somerset,2022,PSEG/JCPL,"150,519,325","360,518,170","59,434,061","3,039,152","573,510,708",PSEG,"15,757,846","12,292,408","8,151,091",NDA,"36,201,344"
Far Hills Boro,Somerset,Far Hills Boro Somerset,2022,JCPL,"7,922,087","2,764,085",NDA,NDA,"10,686,172",PSEG,"512,527","70,058",NDA,NDA,"582,585"
Franklin Twp,Somerset,Franklin Twp (Somerset) Somerset,2022,PSEG,"197,765,129","547,776,320","123,448,970","5,163,542","874,153,961",PSEG,"19,683,388","14,515,079","2,625,947",NDA,"36,824,414"
Green Brook Twp,Somerset,Green Brook Twp Somerset,2022,PSEG/JCPL,"26,065,831","23,054,474","1,824,423","525,678","51,470,406",PSEG,"2,622,275","960,940","61,164",NDA,"3,644,378"
Hillsborough Twp,Somerset,Hillsborough Twp Somerset,2022,PSEG/JCPL,"150,462,316","106,662,874","17,860,137","2,075,527","277,060,854",PSEG,"11,895,237","3,092,160","1,234,139",NDA,"16,221,537"
Manville Boro,Somerset,Manville Boro Somerset,2022,PSEG,"27,615,044","15,756,636","524,467","579,552","44,475,699",PSEG,"2,976,289","872,478","4,153",NDA,"3,852,920"
Millstone Boro,Somerset,Millstone Boro Somerset,2022,PSEG,"1,740,245","289,409","19,760","67,051","2,116,465",PSEG,"165,553","22,276","5,440",NDA,"193,270"
Montgomery Twp,Somerset,Montgomery Twp Somerset,2022,PSEG,"87,335,394","53,298,856","17,397,479","915,600","158,947,329",PSEG,"8,442,254","2,441,599","374,865",NDA,"11,258,718"
North Plainfield Boro,Somerset,North Plainfield Boro Somerset,2022,PSEG,"49,521,668","30,716,418","629,063","1,228,693","82,095,842",PSEG,"5,038,666","2,847,801","111,129",NDA,"7,997,595"
Peapack-Gladstone Boro,Somerset,Peapack-Gladstone Boro Somerset,2022,JCPL,"13,529,926","10,422,521","1,200,589",NDA,"25,153,036",PSEG,"940,751","689,082",NDA,NDA,"1,629,832"
Raritan Boro,Somerset,Raritan Boro Somerset,2022,PSEG,"22,791,201","23,982,261","64,915,783","544,312","112,233,557",PSEG,"2,267,526","1,320,221","4,892,837",NDA,"8,480,584"
Rocky Hill Boro,Somerset,Rocky Hill Boro Somerset,2022,PSEG,"2,752,232","1,327,005","252,541","34,115","4,365,893",PSEG,"237,042","59,138","46,727",NDA,"342,907"
Somerville Boro,Somerset,Somerville Boro Somerset,2022,PSEG,"36,599,911","66,613,847","4,837,274","1,070,437","109,121,469",PSEG,"3,008,245","3,504,906","58,915",NDA,"6,572,066"
South Bound Brook Boro,Somerset,South Bound Brook Boro Somerset,2022,PSEG,"13,674,344","3,990,993","1,703","321,105","17,988,145",PSEG,"1,150,321","203,322","2,912",NDA,"1,356,555"
Warren Twp,Somerset,Warren Twp Somerset,2022,PSEG/JCPL,"80,680,145","79,475,156","2,791,475","169,612","163,116,388",PSEG,"8,128,918","3,862,966","87,586",NDA,"12,079,470"
Watchung Boro,Somerset,Watchung Boro Somerset,2022,PSEG/JCPL,"30,071,424","36,545,604","8,145,427","450,144","75,212,599",PSEG,"3,274,252","2,171,781","852,343",NDA,"6,298,376"
Andover Boro,Sussex,Andover Boro Sussex,2022,JCPL,"3,213,924","2,608,411","67,882",NDA,"5,890,217",NDA,NDA,NDA,NDA,NDA,NDA
Andover Twp,Sussex,Andover Twp Sussex,2022,JCPL,"27,730,610","11,648,040","818,388",NDA,"40,197,038",ETG,"671,905","1,314,733","1,163,983",NDA,"3,150,621"
Branchville Boro,Sussex,Branchville Boro Sussex,2022,JCPL/ACE,"4,261,063","4,833,031",735,NDA,"9,094,829",NDA,NDA,NDA,NDA,NDA,NDA
Byram Twp,Sussex,Byram Twp Sussex,2022,JCPL,"37,492,636","13,516,550","347,824",NDA,"51,357,010",NDA,NDA,NDA,NDA,NDA,NDA
Frankford Twp,Sussex,Frankford Twp Sussex,2022,JCPL,"18,457,523","11,210,854","229,438",NDA,"29,897,815",ETG,"459,100","1,041,703",NDA,NDA,"1,500,803"
Franklin Boro,Sussex,Franklin Boro Sussex,2022,JCPL,"19,121,101","21,231,420","776,334",NDA,"41,128,855",ETG,"485,881","1,012,296",NDA,NDA,"1,498,177"
Fredon Twp,Sussex,Fredon Twp Sussex,2022,JCPL,"16,144,296","3,967,111","1,234,920",NDA,"21,346,327",ETG,"187,176","97,534",NDA,NDA,"284,710"
Green Twp,Sussex,Green Twp Sussex,2022,JCPL,"19,573,359","8,073,864","2,074,604",NDA,"29,721,827",NDA,NDA,NDA,NDA,NDA,NDA
Hamburg Boro,Sussex,Hamburg Boro Sussex,2022,JCPL,"14,619,859","4,985,477","4,597,590",NDA,"24,202,926",ETG,"1,647,890","1,121,087","203,062",NDA,"2,972,039"
Hampton Twp,Sussex,Hampton Twp Sussex,2022,JCPL,"22,238,006","16,119,449","6,263",NDA,"38,363,718",ETG,"813,327","1,201,118",NDA,NDA,"2,014,445"
Hardyston Twp,Sussex,Hardyston Twp Sussex,2022,JCPL,"31,489,277","15,170,174","369,825",NDA,"47,029,276",ETG,"3,371,656","1,585,545",NDA,NDA,"4,957,201"
Hopatcong Boro,Sussex,Hopatcong Boro Sussex,2022,JCPL,"66,232,823","9,833,794","333,496",NDA,"76,400,113",NDA,NDA,NDA,NDA,NDA,NDA
Lafayette Twp,Sussex,Lafayette Twp Sussex,2022,JCPL,"7,256,742","9,284,071","52,306",NDA,"16,593,119",ETG,"71,724","797,011",NDA,NDA,"868,735"
Montague Twp,Sussex,Montague Twp Sussex,2022,RECO/JCPL,"18,622,785","2,461,967","138,066",NDA,"21,222,818",NDA,NDA,NDA,NDA,NDA,NDA
Newton Town,Sussex,Newton Town Sussex,2022,JCPL,"26,760,624","60,372,819","1,712,971",NDA,"88,846,414",ETG,"2,986,804","4,255,046","1,046,146",NDA,"8,287,996"
Ogdensburg Boro,Sussex,Ogdensburg Boro Sussex,2022,JCPL,"8,751,372","2,033,790","2,937,287",NDA,"13,722,449",ETG,"337,910","173,414",NDA,NDA,"511,324"
Sandyston Twp,Sussex,Sandyston Twp Sussex,2022,JCPL,"9,884,625","2,620,207",NDA,NDA,"12,504,832",NDA,NDA,NDA,NDA,NDA,NDA
Sparta Twp,Sussex,Sparta Twp Sussex,2022,JCPL,"93,361,673","55,661,150","1,424,564",NDA,"150,447,387",ETG,"4,478,296","2,736,590",NDA,NDA,"7,214,886"
Stanhope Boro,Sussex,Stanhope Boro Sussex,2022,JCPL,"16,105,848","4,887,226","1,345,917",NDA,"22,338,991",NDA,NDA,NDA,NDA,NDA,NDA
Stillwater Twp,Sussex,Stillwater Twp Sussex,2022,JCPL,"21,276,453","3,320,905","163,231",NDA,"24,760,589",NDA,NDA,NDA,NDA,NDA,NDA
Sussex Boro,Sussex,Sussex Boro Sussex,2022,JCPL,"8,787,684","3,996,360","169,592",NDA,"12,953,636",ETG,"543,650","816,491",NDA,NDA,"1,360,141"
Vernon Twp,Sussex,Vernon Twp Sussex,2022,RECO/JCPL,"31,508,034","26,677,692","2,097,503",NDA,"60,283,229",ETG,"3,304,418","2,151,107",NDA,NDA,"5,455,525"
Walpack Twp,Sussex,Walpack Twp Sussex,2022,JCPL,"233,542","284,477",NDA,NDA,"518,019",NDA,NDA,NDA,NDA,NDA,NDA
Wantage Twp,Sussex,Wantage Twp Sussex,2022,JCPL,"15,162,280","15,364,397","516,676",NDA,"31,043,353",ETG,"267,964","803,617",NDA,NDA,"1,071,581"
Berkeley Heights Twp,Union,Berkeley Heights Twp Union,2022,PSEG/JCPL,"45,725,569","117,724,774","5,320,568",708,"168,771,619",PSEG,"5,015,761","3,580,559","272,730",NDA,"8,869,050"
Clark Twp,Union,Clark Twp Union,2022,PSEG,"52,527,748","59,688,837","15,212,600","1,104,586","128,533,771",ETG,"9,197,238","5,133,729","2,516,932",NDA,"16,847,899"
Cranford Twp,Union,Cranford Twp Union,2022,PSEG,"73,638,834","87,650,433","9,971,186","1,699,119","172,959,572",ETG,"14,509,122","5,611,243",NDA,NDA,"20,120,365"
Elizabeth City,Union,Elizabeth City Union,2022,PSEG,"240,281,091","463,198,609","94,820,013","12,026,452","810,326,165",ETG,"51,142,028","48,868,802","8,839,930",NDA,"108,850,760"
Fanwood Boro,Union,Fanwood Boro Union,2022,PSEG,"24,275,414","6,120,380","249,682","371,904","31,017,380",ETG,"4,792,310","518,417",NDA,NDA,"5,310,727"
Garwood Boro,Union,Garwood Boro Union,2022,PSEG,"14,055,881","16,604,092","2,750,825","319,973","33,730,771",ETG,"2,561,326","1,522,878",NDA,NDA,"4,084,204"
Hillside Twp,Union,Hillside Twp Union,2022,PSEG,"51,973,674","50,419,040","45,478,763","1,342,554","149,214,031",ETG/PSEG,"13,699,050","6,964,579","17,757,629",NDA,"38,421,258"
Kenilworth Boro,Union,Kenilworth Boro Union,2022,PSEG,"23,569,897","28,890,201","15,319,516","454,243","68,233,857",ETG,"4,789,544","4,408,052","34,894,506",NDA,"44,092,102"
Linden City,Union,Linden City Union,2022,PSEG,"101,659,239","183,389,996","316,523,065","4,232,312","605,804,612",ETG/PSEG,"20,669,301","21,678,193","369,571,506",NDA,"411,919,000"
Mountainside Boro,Union,Mountainside Boro Union,2022,PSEG/JCPL,"29,734,793","29,613,489","3,251,759","357,042","62,957,083",ETG,"5,781,793","2,444,867",NDA,NDA,"8,226,660"
New Providence Boro,Union,New Providence Boro Union,2022,JCPL,"44,048,677","32,935,751","3,722,999",NDA,"80,707,427",PSEG,"4,564,756","1,656,532","109,998",NDA,"6,331,285"
Plainfield City,Union,Plainfield City Union,2022,PSEG,"112,934,291","82,159,048","9,804,856","3,737,718","208,635,913",PSEG,"12,335,760","6,548,105","222,593",NDA,"19,106,459"
Rahway City,Union,Rahway City Union,2022,PSEG,"78,888,360","70,399,748","87,985,914","1,904,576","239,178,598",ETG/PSEG,"14,424,958","7,496,648","33,351,348",NDA,"55,272,954"
Roselle Boro,Union,Roselle Boro Union,2022,PSEG,"52,649,115","31,500,339","10,480,017","1,231,294","95,860,765",ETG,"11,344,137","5,578,639",NDA,NDA,"16,922,776"
Roselle Park Boro,Union,Roselle Park Boro Union,2022,PSEG,"33,488,914","12,246,785","531,633","1,024,714","47,292,046",ETG/PSEG,"6,679,310","3,230,107",NDA,NDA,"9,909,417"
Scotch Plains Twp,Union,Scotch Plains Twp Union,2022,PSEG,"86,959,449","38,817,522","1,107,070","1,149,728","128,033,769",ETG/PSEG,"17,034,068","4,296,330",NDA,NDA,"21,330,398"
Springfield Twp,Union,Springfield Twp (Union) Union,2022,PSEG/JCPL,"54,223,855","73,372,938","6,921,962",NDA,"134,518,755",PSEG,"5,316,626","3,631,443","248,170",NDA,"9,196,238"
Summit City,Union,Summit City Union,2022,JCPL,"84,730,339","147,266,547","41,733,260",NDA,"273,730,146",PSEG,"9,111,780","5,139,711","3,054,135",NDA,"17,305,626"
Union Twp,Union,Union Twp (Union) Union,2022,PSEG,"147,329,112","219,868,246","41,565,832","3,760,529","412,523,719",ETG/PSEG,"36,128,947","22,870,998","19,469,520",NDA,"78,469,466"
Westfield Town,Union,Westfield Town Union,2022,PSEG,"115,611,688","51,203,830","895,838","2,037,678","169,749,034",ETG/PSEG,"23,199,753","5,702,609",NDA,NDA,"28,902,362"
Winfield Twp,Union,Winfield Twp Union,2022,PSEG,"3,850,462","380,870",NDA,"76,357","4,307,689",ETG,"582,640","67,288",NDA,NDA,"649,928"
Allamuchy Twp,Warren,Allamuchy Twp Warren,2022,JCPL,"20,330,544","6,023,476","723,040",NDA,"27,077,060",ETG,"3,389,099","122,601","653,290",NDA,"4,164,990"
Alpha Boro,Warren,Alpha Boro Warren,2022,JCPL,"8,642,630","19,160,083","1,683,726",NDA,"29,486,439",ETG,"895,842","688,867",NDA,NDA,"1,584,709"
Belvidere Town,Warren,Belvidere Town Warren,2022,JCPL,"10,704,291","5,380,310","66,058,183",NDA,"82,142,784",ETG,"671,715","603,966","24,494,117",NDA,"25,769,798"
Blairstown Twp,Warren,Blairstown Twp Warren,2022,JCPL,"29,614,400","14,869,603","833,098",NDA,"45,317,101",NDA,NDA,NDA,NDA,NDA,NDA
Franklin Twp,Warren,Franklin Twp (Warren) Warren,2022,JCPL,"14,217,495","7,715,301","786,721",NDA,"22,719,517",ETG,"1,077,532","566,908",NDA,NDA,"1,644,440"
Frelinghuysen Twp,Warren,Frelinghuysen Twp Warren,2022,JCPL,"10,455,986","2,584,694","865,514",NDA,"13,906,194",NDA,NDA,NDA,NDA,NDA,NDA
Greenwich Twp,Warren,Greenwich Twp (Warren) Warren,2022,JCPL,"20,615,479","20,610,943","5,036,275",NDA,"46,262,697",ETG,"3,288,245","1,546,901",NDA,NDA,"4,835,146"
Hackettstown Town,Warren,Hackettstown Town Warren,2022,JCPL,"31,332,914","43,722,883","6,562,555",NDA,"81,618,352",ETG,"4,177,124","7,038,645","17,315,010",NDA,"28,530,779"
Hardwick Twp,Warren,Hardwick Twp Warren,2022,JCPL,"7,498,882","2,169,021",NDA,NDA,"9,667,903",NDA,NDA,NDA,NDA,NDA,NDA
Harmony Twp,Warren,Harmony Twp Warren,2022,JCPL,"12,000,891","3,677,085","428,706",NDA,"16,106,682",ETG,"2,283",NDA,NDA,NDA,"2,283"
Hope Twp,Warren,Hope Twp Warren,2022,JCPL,"8,945,388","2,906,764","5,120",NDA,"11,857,272",NDA,NDA,NDA,NDA,NDA,NDA
Independence Twp,Warren,Independence Twp Warren,2022,JCPL,"21,815,674","4,971,279","528,953",NDA,"27,315,906",ETG,"1,749,848","300,075",NDA,NDA,"2,049,923"
Knowlton Twp,Warren,Knowlton Twp Warren,2022,JCPL,"14,457,689","7,756,832","98,058",NDA,"22,312,579",NDA,NDA,NDA,NDA,NDA,NDA
Liberty Twp,Warren,Liberty Twp Warren,2022,JCPL,"12,645,021","1,058,001","216,480",NDA,"13,919,502",NDA,NDA,NDA,NDA,NDA,NDA
Lopatcong Twp,Warren,Lopatcong Twp Warren,2022,JCPL,"31,624,212","20,394,126","1,702,192",NDA,"53,720,530",ETG,"4,370,531","3,322,105",NDA,NDA,"7,692,636"
Mansfield Twp,Warren,Mansfield Twp (Warren) Warren,2022,JCPL,"26,430,072","24,920,539","20,986,610",NDA,"72,337,221",ETG,"2,333,106","2,203,243","1,524,021",NDA,"6,060,370"
Oxford Twp,Warren,Oxford Twp Warren,2022,JCPL,"9,597,072","3,091,786","810,374",NDA,"13,499,232",ETG,"607,908","133,120",61,NDA,"741,089"
Phillipsburg Town,Warren,Phillipsburg Town Warren,2022,JCPL,"47,145,559","39,838,928","46,027,491",NDA,"133,011,978",ETG,"7,320,259","4,208,572","15,053,894",NDA,"26,582,725"
Pohatcong Twp,Warren,Pohatcong Twp Warren,2022,JCPL,"14,718,155","15,170,425","1,332,250",NDA,"31,220,830",ETG,"337,631","634,949",NDA,NDA,"972,580"
Washington Boro,Warren,Washington Boro Warren,2022,JCPL,"23,928,997","13,804,459","13,918,178",NDA,"51,651,634",ETG,"3,573,476","1,912,382","1,571,942",NDA,"7,057,800"
Washington Twp,Warren,Washington Twp (Warren) Warren,2022,JCPL,"29,242,359","17,666,640","5,373,005",NDA,"52,282,004",ETG,"2,535,614","1,274,236",NDA,NDA,"3,809,850"
White Twp,Warren,White Twp Warren,2022,JCPL,"19,404,907","9,195,548","1,434,167",NDA,"30,034,622",ETG,"1,164,290","2,142,715",NDA,NDA,"3,307,005"